{"type": "FeatureCollection", "features": [{"type": "Feature", "properties": {"ward_number": 1, "ward_name": "Old Kanpur", "zone": "4"}, "geometry": {"type": "Polygon", "coordinates": [[[80.33023554792527, 26.49018097264772], [80.32985388216554, 26.489907696336694], [80.3284035522786, 26.490044334573415], [80.32664788978389, 26.491103275401677], [80.32519755989695, 26.491820616872552], [80.3195022837679, 26.49117673975987], [80.31649558057532, 26.490693363980057], [80.3166482468792, 26.491342389722647], [80.31722074551878, 26.491581503546282], [80.31741157839865, 26.491820616872552], [80.31786957731032, 26.492093888636457], [80.31840390937391, 26.49246963625111], [80.31817490991808, 26.496431990872946], [80.3166482468792, 26.497217613925034], [80.31577041563185, 26.49807154593421], [80.31523608356824, 26.498959628493136], [80.31512158384032, 26.499506137426053], [80.31611391481559, 26.5008382420618], [80.31535058329615, 26.501555522777313], [80.31573224905587, 26.502580201746962], [80.32077023708418, 26.49957445085991], [80.3230602316425, 26.497866602830644], [80.32550289250473, 26.49571467817899], [80.32870888488638, 26.494040931150717], [80.3288233846143, 26.4926404302154], [80.32863255173444, 26.49212804756125], [80.33012104819734, 26.490795841972485], [80.33023554792527, 26.49018097264772]]]}}, {"type": "Feature", "properties": {"ward_number": 13, "ward_name": "Khalasi Line", "zone": "4"}, "geometry": {"type": "Polygon", "coordinates": [[[80.32664788978389, 26.491103275401677], [80.32817455282277, 26.49024929162399], [80.32973938243764, 26.49024929162399], [80.33023554792527, 26.49018097264772], [80.33050271395709, 26.490010175029457], [80.33035004765317, 26.489429461229395], [80.33015921477332, 26.488438825036102], [80.32989204874151, 26.487858103299285], [80.3300447150454, 26.48628672389389], [80.33057904710903, 26.48420290504086], [80.33042638080512, 26.483861291790227], [80.32989204874151, 26.483314708478435], [80.32924321694998, 26.482870607624726], [80.32874705146234, 26.48256315218294], [80.32710588869556, 26.48351967752479], [80.32447239495349, 26.485466865244472], [80.3226785658828, 26.486764972073193], [80.32229690012306, 26.48734569933104], [80.32145723545167, 26.48864378494882], [80.32115190284391, 26.48901954383981], [80.31867107540572, 26.489839377157455], [80.31661008030322, 26.490693363980057], [80.32535022620084, 26.49161566262336], [80.32664788978389, 26.491103275401677]]]}}, {"type": "Feature", "properties": {"ward_number": 43, "ward_name": "Ashok Nagar", "zone": "4"}, "geometry": {"type": "Polygon", "coordinates": [[[80.29856683151243, 26.48351967752479], [80.30120032525451, 26.48423706631013], [80.30268882171741, 26.485022772701985], [80.30486431654784, 26.486047599058313], [80.30635281301073, 26.48679913258134], [80.30730697741004, 26.487448180307368], [80.30837564153727, 26.488131384481985], [80.31032213691184, 26.489429461229395], [80.3111999681592, 26.489429461229395], [80.311467134191, 26.48987353675215], [80.31196329967864, 26.489839377157455], [80.31379529532528, 26.490454248309156], [80.31516929206029, 26.4906250452677], [80.31612345645961, 26.490488407721184], [80.31677228825112, 26.490659204628965], [80.31799361868222, 26.49011265363085], [80.3194057819932, 26.48956610003447], [80.32108511133596, 26.489053703678106], [80.32234460834304, 26.487311538985303], [80.32188660943139, 26.486320884544096], [80.32119961106389, 26.485022772701985], [80.32039811296846, 26.483348870011536], [80.3194057819932, 26.483246385381797], [80.31723028716279, 26.482904769289757], [80.31730662031474, 26.482392343248996], [80.31753561977057, 26.481538294773994], [80.3176119529225, 26.480342616254312], [80.3176119529225, 26.479010274118863], [80.31574179069986, 26.479010274118863], [80.31181063337475, 26.47924941358731], [80.30807030892949, 26.4795568778876], [80.30551314833936, 26.480035154054434], [80.3037956524206, 26.48071840227136], [80.30177282389408, 26.481709104976368], [80.30047516031102, 26.482699799147433], [80.29856683151243, 26.48351967752479]]]}}, {"type": "Feature", "properties": {"ward_number": 22, "ward_name": "Behna Jhabhar", "zone": "4"}, "geometry": {"type": "Polygon", "coordinates": [[[80.32235052449035, 26.48726101093909], [80.32288658976329, 26.486650359351298], [80.32344702163955, 26.486192368532205], [80.32451915218542, 26.485472664988073], [80.32610298140094, 26.484229530074817], [80.3271507453435, 26.483553433515212], [80.32754061099654, 26.48318266919819], [80.32663904667388, 26.482462946817563], [80.32554254952468, 26.481721409956876], [80.3224479909036, 26.47995478817275], [80.32232615788703, 26.479932977857686], [80.32308152258982, 26.47884245683201], [80.3230571559865, 26.478209949899703], [80.32227742468041, 26.47858073024738], [80.32049866263837, 26.47895150939983], [80.3188173670096, 26.479060561864276], [80.31772086986041, 26.479060561864276], [80.3175746702405, 26.479060561864276], [80.3175746702405, 26.48039099360528], [80.31762340344714, 26.481568740009706], [80.31730663760403, 26.48237570743506], [80.31706297157088, 26.482855523219918], [80.31928033247259, 26.483204478896987], [80.3204255628284, 26.48333533700291], [80.32235052449035, 26.48726101093909]]]}}, {"type": "Feature", "properties": {"ward_number": 76, "ward_name": "Suther Ganj", "zone": "4"}, "geometry": {"type": "Polygon", "coordinates": [[[80.32880767436895, 26.49386892603311], [80.32975797189826, 26.492822152920887], [80.3312443347005, 26.492102490876857], [80.33263323108949, 26.491666329869656], [80.33397339427184, 26.491426440610326], [80.3365562542233, 26.49088123588653], [80.33811571683547, 26.490597728408343], [80.33882234833162, 26.490510495197466], [80.33969954605098, 26.490074328150236], [80.3403574443405, 26.489878052439135], [80.34013814491067, 26.488962094690073], [80.33962644624104, 26.488438686985727], [80.33928531379463, 26.487566335516842], [80.33872488191835, 26.48645407779505], [80.33930968039793, 26.486192368532205], [80.33887108153826, 26.485559902021212], [80.33870051531505, 26.484796575737253], [80.33699485308296, 26.482899142737462], [80.33755528495922, 26.482244848237215], [80.33787205080232, 26.481634170011898], [80.33811571683547, 26.480936248069543], [80.33874924852168, 26.480129270544275], [80.33952897982778, 26.47943133947001], [80.33996757868744, 26.479082372344777], [80.34025997792723, 26.478493487920144], [80.34118590885322, 26.47762106100865], [80.33982137906757, 26.47589799841954], [80.33962644624104, 26.476050675893607], [80.33823754985207, 26.476508707099992], [80.33728725232274, 26.47692311471531], [80.33665372063653, 26.47716303423128], [80.33606892215698, 26.477555628723533], [80.33584962272712, 26.478122707291252], [80.33560595669397, 26.47858073024738], [80.33531355745419, 26.47919142468513], [80.33504552481772, 26.479736684836123], [80.33477749218126, 26.48034737313647], [80.33475312557793, 26.481067108756346], [80.33509425802436, 26.481852269750323], [80.33555722348734, 26.48281190368584], [80.33602018895036, 26.48364067200431], [80.33460692595804, 26.48462210044661], [80.33285253051933, 26.48584342192183], [80.33173166676681, 26.486912067571733], [80.33097630206404, 26.48824240848228], [80.33024530396457, 26.4889402860833], [80.33051333660103, 26.489529117014236], [80.3306108030143, 26.489921669292798], [80.33022093736125, 26.490270603526287], [80.33019657075793, 26.490794002890784], [80.32878330776563, 26.49214610688658], [80.32890514078223, 26.492647689808766], [80.32883204097227, 26.493149270542396], [80.32880767436895, 26.49386892603311]]]}}, {"type": "Feature", "properties": {"ward_number": 44, "ward_name": "Ashok Nagar", "zone": "4"}, "geometry": {"type": "Polygon", "coordinates": [[[80.30621983309553, 26.479911167538503], [80.30624419969884, 26.47995478817275], [80.30809606155083, 26.4796276330127], [80.31019158943596, 26.479453149880186], [80.31355418069349, 26.47919142468513], [80.31569844178524, 26.479082372344752], [80.31752593703392, 26.479082372344752], [80.31874426719969, 26.479147803761375], [80.32042556282846, 26.47903875137965], [80.32105909451467, 26.478929698894547], [80.32217995826718, 26.47862435138614], [80.32308152258986, 26.478188139253785], [80.3236175878628, 26.477686493256517], [80.32447041897883, 26.476923114715284], [80.32542071650813, 26.476094297991825], [80.32607861479765, 26.475832565154327], [80.32685834610376, 26.475701698512253], [80.32605424819435, 26.474611137372403], [80.324714085012, 26.47559264286349], [80.32398308691253, 26.474960118061936], [80.32429985275563, 26.474589326044143], [80.32310588919317, 26.47352056589455], [80.32320335560642, 26.47310614602242], [80.3228378565567, 26.47306252279116], [80.32198502544067, 26.472669912965397], [80.31984076434888, 26.471448451606584], [80.32008443038205, 26.47109946026522], [80.31703860496762, 26.46909273951103], [80.31618577385156, 26.469943418886544], [80.31508927670237, 26.471230332142284], [80.31343234767692, 26.472822594723493], [80.3113611863951, 26.47491649553363], [80.30838846079061, 26.47799184325451], [80.30695083119498, 26.479322287357107], [80.30621983309553, 26.479911167538503]]]}}, {"type": "Feature", "properties": {"ward_number": 4, "ward_name": "Gwaltoli", "zone": "4"}, "geometry": {"type": "Polygon", "coordinates": [[[80.33022093736129, 26.4889402860833], [80.33097630206407, 26.488373260855138], [80.33173166676684, 26.486912067571733], [80.33277943070942, 26.485887040306025], [80.3344850929415, 26.484665719294075], [80.3360445555537, 26.48364067200431], [80.33553285688407, 26.482811903685814], [80.33514299123102, 26.481939509529862], [80.3346312925614, 26.4810889188563], [80.33477749218129, 26.480325562895835], [80.33502115821446, 26.479867546887718], [80.33528919085092, 26.479169614225313], [80.33487495859455, 26.479496770688115], [80.33390029446193, 26.47997659848364], [80.33316929636248, 26.480347373136446], [80.33248703146964, 26.480500044704907], [80.33151236733701, 26.480718146594], [80.33061080301435, 26.481176159214904], [80.32980670510494, 26.481612360015273], [80.32873457455905, 26.482637425384024], [80.32917317341872, 26.482877332980728], [80.32978233850162, 26.48326990796855], [80.33044023679113, 26.483858767937544], [80.33058643641102, 26.484185911061864], [80.33000163793145, 26.486323223238067], [80.32987980491487, 26.487806232830554], [80.33017220415466, 26.48846049568761], [80.33022093736129, 26.4889402860833]]]}}, {"type": "Feature", "properties": {"ward_number": 6, "ward_name": "Mecrobert Ganj", "zone": "4"}, "geometry": {"type": "Polygon", "coordinates": [[[80.32758934420323, 26.483204478896962], [80.32863710814578, 26.482593805767223], [80.32905134040215, 26.482288467986354], [80.32973360529499, 26.48167778999263], [80.33058643641102, 26.481241589440423], [80.33148800073371, 26.480696336423716], [80.332438298263, 26.48045642427745], [80.33319366296578, 26.480347373136446], [80.33404649408182, 26.47997659848364], [80.33487495859455, 26.479453149880186], [80.33536229066087, 26.479169614225313], [80.33553285688407, 26.47864616194934], [80.33582525612385, 26.478231760541444], [80.33602018895039, 26.47759925025106], [80.3355572234874, 26.477642871762047], [80.33465565916472, 26.47759925025106], [80.33419269370172, 26.47759925025106], [80.33382719465199, 26.477184845071537], [80.3327550641061, 26.47491649553363], [80.3321215324199, 26.47491649553363], [80.33119560149392, 26.474567514711758], [80.33014783755134, 26.474502080689806], [80.32910007360877, 26.47491649553363], [80.32766244401316, 26.475505398270016], [80.3267608796905, 26.47574532074281], [80.32607861479765, 26.475876187335242], [80.32542071650813, 26.476116109034724], [80.32447041897883, 26.476923114715284], [80.32364195446611, 26.477686493256492], [80.32308152258985, 26.478209949899675], [80.32308152258985, 26.478886077871536], [80.32239925769701, 26.47993297785766], [80.32546944971477, 26.481699599976814], [80.32659031346726, 26.482419327134558], [80.32758934420323, 26.483204478896962]]]}}, {"type": "Feature", "properties": {"ward_number": 15, "ward_name": "Permat", "zone": "4"}, "geometry": {"type": "Polygon", "coordinates": [[[80.34030871113396, 26.489921669292773], [80.34203873996935, 26.489332840372327], [80.34294030429201, 26.48909294624385], [80.34445103369757, 26.48865677381876], [80.34484089935063, 26.488395069569464], [80.34610796272304, 26.487893468093297], [80.34713136006229, 26.48741367332931], [80.34883702229436, 26.486933876563203], [80.3496654868071, 26.48643226871254], [80.35017718547672, 26.485974277024802], [80.3504452181132, 26.485625329752615], [80.35068888414634, 26.48525457211565], [80.35107874979938, 26.48490562265947], [80.35151734865907, 26.484360387014316], [80.35212651374196, 26.483989625298964], [80.35212651374196, 26.48357524314368], [80.35195594751875, 26.483117240076986], [80.35188284770882, 26.482746474353675], [80.35173664808892, 26.482332087719], [80.3514198822458, 26.481939509529862], [80.35083508376623, 26.48154693000069], [80.35105438319609, 26.481372449779805], [80.35105438319609, 26.480892627807524], [80.35090818357618, 26.480936248069543], [80.35056705112976, 26.481001678431547], [80.35027465188998, 26.48115434913146], [80.34981168642699, 26.4813942598219], [80.34942182077394, 26.481219779369397], [80.34922688794741, 26.480892627807524], [80.34947055398058, 26.47971487447969], [80.34900758851757, 26.480020219093078], [80.34861772286453, 26.480260132149215], [80.34820349060816, 26.480521854912443], [80.34761869212858, 26.480696336423716], [80.34718009326892, 26.48091443794061], [80.34652219497939, 26.481176159214904], [80.34586429668988, 26.481525119987552], [80.34523076500368, 26.481655980004327], [80.34532823141693, 26.481045298652194], [80.34557189745009, 26.480085649976207], [80.34579119687992, 26.479147803761375], [80.34596176310313, 26.477926411180327], [80.34591302989651, 26.476661383763524], [80.34564499726002, 26.476137920073505], [80.34523076500368, 26.475221852884378], [80.34493836576388, 26.47445845798784], [80.34471906633405, 26.47410947577655], [80.34428046747436, 26.47415309861085], [80.34376876880475, 26.474305778400666], [80.34294030429201, 26.474611137372403], [80.34216057298592, 26.474981929319895], [80.34155140790304, 26.475309097692858], [80.34089350961351, 26.47559264286349], [80.33982137906764, 26.4759634316475], [80.34113717564667, 26.477686493256492], [80.34023561132399, 26.47851529850815], [80.33994321208421, 26.479125993293316], [80.3394315134146, 26.47954039147951], [80.33874924852175, 26.4801728910958], [80.33809135023223, 26.48093624806952], [80.33782331759575, 26.481590550014552], [80.33760401816592, 26.482223038356413], [80.33694611987642, 26.482899142737438], [80.33865178210849, 26.484840194518537], [80.338846714935, 26.48553809276912], [80.33926094719136, 26.48614875026381], [80.33862741550519, 26.48651950501769], [80.33926094719136, 26.487500908889853], [80.33952897982785, 26.488438686985727], [80.34011377830743, 26.4889839032927], [80.34030871113396, 26.489921669292773]]]}}, {"type": "Feature", "properties": {"ward_number": 5, "ward_name": "Chunni Ganj", "zone": "4"}, "geometry": {"type": "Polygon", "coordinates": [[[80.34479216614399, 26.47288802970066], [80.34272100486217, 26.472844406386702], [80.3418194405395, 26.473127957631867], [80.34108844244004, 26.473411508178195], [80.34057674377041, 26.47362962350755], [80.34018687811736, 26.473607811993215], [80.33994321208421, 26.473564188952153], [80.33974827925768, 26.473695058025722], [80.33877361512508, 26.473891361356937], [80.33848121588528, 26.47406585292571], [80.33809135023223, 26.474218532831298], [80.33779895099245, 26.474218532831298], [80.33745781854603, 26.47410947577655], [80.33694611987642, 26.47393498427393], [80.33628822158687, 26.47378230399205], [80.3358496227272, 26.473586000474757], [80.33548412367747, 26.473389696622515], [80.33524045764432, 26.47319339243535], [80.33472875897469, 26.473149769237164], [80.33450945954485, 26.472997087913228], [80.33433889332164, 26.47288802970066], [80.33387592785866, 26.47258266615554], [80.33336422918902, 26.472320925328923], [80.33282816391608, 26.471971936633903], [80.33231646524646, 26.471622946880323], [80.33231646524646, 26.47179744188941], [80.33217026562656, 26.472190054692327], [80.33217026562656, 26.472451795816642], [80.3320727992133, 26.47269172465754], [80.33197533280004, 26.472975276278998], [80.33163420035362, 26.47321520402823], [80.3311468682873, 26.473607811993215], [80.33061080301437, 26.47410947577655], [80.33005037113811, 26.474545703375256], [80.33046460339449, 26.474545703375256], [80.33117123489063, 26.474545703375256], [80.33204843261, 26.474981929319895], [80.33268196429619, 26.474916495533655], [80.3328525305194, 26.474981929319895], [80.3328768971227, 26.475243664092694], [80.33309619655255, 26.47557083172133], [80.33324239617245, 26.475897998419516], [80.33336422918902, 26.476159731108137], [80.33343732899897, 26.476312408234833], [80.33348606220561, 26.476726816557303], [80.3338028280487, 26.477184845071537], [80.3339490276686, 26.477424764041647], [80.3339490276686, 26.47759925025106], [80.33419269370175, 26.477686493256517], [80.33455819275147, 26.477664682511342], [80.33506989142111, 26.477642871762047], [80.33563032329737, 26.477642871762047], [80.33604455555373, 26.47759925025106], [80.33662935403329, 26.477315710026367], [80.33718978590956, 26.476944925601064], [80.33794515061234, 26.47668319469892], [80.33899291455491, 26.476312408234833], [80.33987011227427, 26.475985242715236], [80.34089350961351, 26.47557083172133], [80.34155140790304, 26.475330908884658], [80.34211183977929, 26.475025551823368], [80.34298903749865, 26.474589326044168], [80.34384186861469, 26.47426215562425], [80.344329200681, 26.474174910021805], [80.34476779954068, 26.47406585292571], [80.34479216614399, 26.47288802970066]]]}}, {"type": "Feature", "properties": {"ward_number": 41, "ward_name": "Sisamau North", "zone": "4"}, "geometry": {"type": "Polygon", "coordinates": [[[80.32695581251704, 26.475701698512253], [80.32873457455909, 26.475112796780746], [80.32985543831158, 26.474632948696513], [80.33036713698122, 26.474283967014518], [80.33087883565084, 26.473913172817483], [80.33146363413042, 26.47347694282041], [80.33163420035362, 26.47319339243535], [80.33192659959342, 26.4729316529981], [80.33219463222989, 26.47251723100469], [80.33221899883318, 26.47208099571479], [80.33221899883318, 26.47179744188941], [80.33236519845309, 26.471492075449834], [80.33282816391608, 26.47103402427089], [80.33304746334592, 26.470597783357565], [80.33341296239564, 26.469877982234802], [80.33382719465203, 26.46928905069432], [80.33341296239564, 26.46887461558123], [80.33319366296583, 26.46887461558123], [80.33251139807298, 26.46808936601061], [80.33229209864315, 26.468176616227503], [80.33139053432046, 26.468198428771398], [80.33061080301438, 26.46804574087735], [80.32997727132818, 26.46811117857104], [80.32961177227843, 26.46824205384677], [80.32902697379886, 26.468547428911346], [80.3282959756994, 26.468569241384937], [80.32802794306292, 26.46870011613972], [80.32737004477342, 26.469070927136645], [80.32775991042647, 26.46970348431482], [80.32827160909608, 26.470292413734203], [80.32885640757566, 26.471077648271258], [80.33068390282432, 26.472669912965397], [80.32573748235127, 26.472800783056186], [80.32695581251704, 26.475701698512253]]]}}, {"type": "Feature", "properties": {"ward_number": 11, "ward_name": "Jawahar Nagar", "zone": "4"}, "geometry": {"type": "Polygon", "coordinates": [[[80.32695581251704, 26.475723509629606], [80.3257618489546, 26.472800783056186], [80.33073263603094, 26.47269172465754], [80.32997727132818, 26.47208099571479], [80.32941683945191, 26.471535699276544], [80.32912444021214, 26.47129576802499], [80.32849090852592, 26.47066321960003], [80.3281497760795, 26.470161540790382], [80.3276624440132, 26.469528986130214], [80.32727257836014, 26.469027302375515], [80.32676087969053, 26.46928905069432], [80.32588368197116, 26.469747108819625], [80.32481155142528, 26.470183352958003], [80.32451915218549, 26.469747108819625], [80.32444605237555, 26.46878736589355], [80.32439731916891, 26.46822024131117], [80.32415365313577, 26.467631301286595], [80.32415365313577, 26.467042358248026], [80.32395872030924, 26.4663007219862], [80.32371505427608, 26.46527551104878], [80.32334955522636, 26.46372677082532], [80.32337392182966, 26.463181434799907], [80.32295968957331, 26.463181434799907], [80.3213758603578, 26.464882874654215], [80.32196065883737, 26.46558089398513], [80.32203375864731, 26.465995340959836], [80.32225305807717, 26.466911481607916], [80.32259419052356, 26.468329303947918], [80.32291095636667, 26.469747108819625], [80.32371505427608, 26.471055836273145], [80.3250064842518, 26.4729316529981], [80.32605424819437, 26.474654760016506], [80.32695581251704, 26.475723509629606]]]}}, {"type": "Feature", "properties": {"ward_number": 51, "ward_name": "Nehru Nagar", "zone": "4"}, "geometry": {"type": "Polygon", "coordinates": [[[80.32602988159105, 26.474654760016506], [80.32503085085513, 26.472909841351452], [80.32369068767278, 26.471012212264508], [80.32288658976336, 26.469725296569283], [80.32254545731695, 26.46830749142883], [80.32232615788709, 26.466889668820087], [80.32210685845727, 26.46595171503279], [80.32198502544068, 26.46553726790099], [80.32127839394454, 26.464882874654215], [80.31703860496764, 26.469070927136645], [80.32013316358871, 26.471077648271258], [80.31974329793566, 26.47142663967878], [80.32191192563074, 26.472560854442712], [80.32281348995342, 26.47308433440885], [80.32322772220978, 26.473040711169322], [80.3231302557965, 26.473542377425424], [80.32429985275566, 26.474567514711783], [80.32393435370592, 26.474981929319895], [80.32486028463191, 26.475636265135392], [80.32602988159105, 26.474654760016506]]]}}, {"type": "Feature", "properties": {"ward_number": 65, "ward_name": "Gandhi Nagar", "zone": "4"}, "geometry": {"type": "Polygon", "coordinates": [[[80.32486028463191, 26.470248789436134], [80.32585931536786, 26.469768921065818], [80.32685834610379, 26.469267238357165], [80.32741877798004, 26.46900548998874], [80.32800357645961, 26.468678303690936], [80.32839344211267, 26.468569241384937], [80.32914880681544, 26.468569241384937], [80.32963613888175, 26.46824205384677], [80.32885640757566, 26.466824230431843], [80.32856400833587, 26.4661480315743], [80.32737004477342, 26.463203248290537], [80.32332518862303, 26.46322506177702], [80.3232764554164, 26.4637485842126], [80.32364195446615, 26.46527551104878], [80.32393435370592, 26.46632253488563], [80.32408055332583, 26.46695510717116], [80.3240561867225, 26.467609488635198], [80.32444605237555, 26.46822024131117], [80.32447041897886, 26.46883099074567], [80.32451915218549, 26.469747108819625], [80.32486028463191, 26.470248789436134]]]}}, {"type": "Feature", "properties": {"ward_number": 78, "ward_name": "Prem Nagar", "zone": "4"}, "geometry": {"type": "Polygon", "coordinates": [[[80.32739441137673, 26.46322506177702], [80.32875894116239, 26.466649727881226], [80.32929500643533, 26.467718551850783], [80.32968487208838, 26.46824205384677], [80.33000163793147, 26.46808936601061], [80.33051333660111, 26.468002115727558], [80.33131743451052, 26.468198428771398], [80.33226773203982, 26.46815480367949], [80.33251139807298, 26.468067553446055], [80.33173166676688, 26.467085983761628], [80.33085446904754, 26.46756586332004], [80.33051333660111, 26.467020545485006], [80.33022093736133, 26.466169844502684], [80.33087883565084, 26.46595171503279], [80.33070826942763, 26.46553726790099], [80.33044023679116, 26.465231884848865], [80.33007473774144, 26.46442479716768], [80.32983107170827, 26.4639012778078], [80.32963613888175, 26.463181434799907], [80.32739441137673, 26.46322506177702]]]}}, {"type": "Feature", "properties": {"ward_number": 16, "ward_name": "Kanpur Ward 16", "zone": "4"}, "geometry": {"type": "Polygon", "coordinates": [[[80.33387592785866, 26.469310863027356], [80.33436325992496, 26.46883099074567], [80.33499679161116, 26.468438366481312], [80.33485059199127, 26.46811117857104], [80.33545975707416, 26.467653113933846], [80.33499679161116, 26.467020545485006], [80.33424142690838, 26.467456799959756], [80.3331692963625, 26.467805802348813], [80.33248703146965, 26.46808936601061], [80.3330230967426, 26.46885280316552], [80.33338859579234, 26.468874615581253], [80.33387592785866, 26.469310863027356]]]}}, {"type": "Feature", "properties": {"ward_number": 94, "ward_name": "Becon Ganj", "zone": "4"}, "geometry": {"type": "Polygon", "coordinates": [[[80.33234083184976, 26.471535699276544], [80.33231646524646, 26.47175381816196], [80.33282816391608, 26.47199374845833], [80.33333986258572, 26.472342737087217], [80.33392466106527, 26.472648101269137], [80.33426579351169, 26.472800783056186], [80.3345825593548, 26.47306252279116], [80.33470439237136, 26.47325882720163], [80.3353622906609, 26.473280638782093], [80.33538665726421, 26.47310614602242], [80.33538665726421, 26.472975276278998], [80.3357034231073, 26.47253904272576], [80.33577652291726, 26.472233678254412], [80.33609328876035, 26.471928312972583], [80.33633695479351, 26.471666570657415], [80.33670245384326, 26.47142663967878], [80.33701921968635, 26.471273956068227], [80.33733598552945, 26.47099040025398], [80.3372628857195, 26.47064140752335], [80.3372628857195, 26.470314225877015], [80.33706795289298, 26.470248789436134], [80.33701921968635, 26.46998704330041], [80.33694611987642, 26.469921606673427], [80.33687302006646, 26.470008855501106], [80.33645878781009, 26.470008855501106], [80.33621512177695, 26.47005247989014], [80.3359958223471, 26.470161540790382], [80.33563032329737, 26.470161540790382], [80.3355328568841, 26.469877982234802], [80.33538665726421, 26.46989979445619], [80.33509425802441, 26.46998704330041], [80.33470439237136, 26.470117916442696], [80.33436325992496, 26.470314225877015], [80.33407086068516, 26.470488722870822], [80.33343732899897, 26.470772279921388], [80.3328768971227, 26.471099460265243], [80.33234083184976, 26.471535699276544]]]}}, {"type": "Feature", "properties": {"ward_number": 110, "ward_name": "Cornol Ganj", "zone": "4"}, "geometry": {"type": "Polygon", "coordinates": [[[80.3353622906609, 26.473237015616988], [80.33587398933052, 26.473607811993215], [80.33619075517362, 26.473804115473307], [80.33645878781009, 26.473804115473307], [80.33684865346314, 26.47402223005833], [80.33718978590956, 26.47406585292571], [80.33745781854603, 26.47415309861085], [80.33757965156259, 26.474218532831298], [80.33792078400901, 26.474240344229834], [80.33811571683555, 26.474240344229834], [80.33850558248858, 26.47410947577655], [80.33865178210849, 26.47393498427393], [80.33923658058806, 26.473825926950415], [80.33972391265436, 26.47362962350755], [80.33989447887757, 26.473542377425424], [80.34013814491072, 26.473542377425424], [80.34047927735715, 26.473651435017736], [80.34099097602677, 26.473498754359554], [80.34082040980357, 26.473280638782093], [80.340698576787, 26.472997087913228], [80.34052801056377, 26.472735348029406], [80.34035744434058, 26.472495419279472], [80.34018687811736, 26.4721682429051], [80.33996757868753, 26.47179744188941], [80.33962644624111, 26.471404827746824], [80.3394315134146, 26.471252144107314], [80.33940714681127, 26.47099040025398], [80.33930968039799, 26.470619595442518], [80.33918784738142, 26.470379662280724], [80.33906601436485, 26.470379662280724], [80.33894418134827, 26.47044509864718], [80.33877361512508, 26.47057597126849], [80.33838374947202, 26.47064140752335], [80.33811571683555, 26.470794091973236], [80.33775021778582, 26.470815904020988], [80.33753091835597, 26.470924964197618], [80.3372628857195, 26.471055836273145], [80.33704358628967, 26.471186708199802], [80.33694611987642, 26.471339391926126], [80.33667808723993, 26.471448451606584], [80.33655625422337, 26.471601134985566], [80.33619075517362, 26.47175381816196], [80.33602018895041, 26.47201556027866], [80.33575215631393, 26.472342737087217], [80.33575215631393, 26.47260447786419], [80.3353622906609, 26.473018899543337], [80.3353622906609, 26.473237015616988]]]}}, {"type": "Feature", "properties": {"ward_number": 107, "ward_name": "Talak Mohal", "zone": "4"}, "geometry": {"type": "Polygon", "coordinates": [[[80.34083145095535, 26.473218313860198], [80.34174995768267, 26.47322653580702], [80.34271438974633, 26.472848325645465], [80.34455140320097, 26.472823659722177], [80.34497391629552, 26.471483469941273], [80.34482695521916, 26.471245029632865], [80.34449629279733, 26.470620149239046], [80.34420237064458, 26.46997882109566], [80.34370637701184, 26.469633489076394], [80.34419318557731, 26.469411489373876], [80.34475347468097, 26.46918126700777], [80.34463406880643, 26.468926377422314], [80.3444411823937, 26.46890171065829], [80.34399111409729, 26.468202816813335], [80.34397274396277, 26.468013703631506], [80.34369719194456, 26.467775256133187], [80.34351349059911, 26.467997258992288], [80.34372474714637, 26.468227483727173], [80.34343082499363, 26.468416596557663], [80.34310934763907, 26.46858104224463], [80.34266846440997, 26.46881126581159], [80.34230106171904, 26.469000377682722], [80.34216328570994, 26.46925526710424], [80.34216328570994, 26.46960882246392], [80.34197958436448, 26.46994593237657], [80.34172240248083, 26.470151486716663], [80.34127233418444, 26.47031592992435], [80.34089574642626, 26.47031592992435], [80.34039056772623, 26.47037348499152], [80.33975679808438, 26.470447484321298], [80.33923324924982, 26.470505039322667], [80.33942613566255, 26.471269695894588], [80.33966494741165, 26.47140124920109], [80.33982109355529, 26.47164791124536], [80.34007827543894, 26.471976793148517], [80.3402619767844, 26.472297452098985], [80.34049160346623, 26.472626332145513], [80.34069367494625, 26.472955211251946], [80.34083145095535, 26.473218313860198]]]}}, {"type": "Feature", "properties": {"ward_number": 10, "ward_name": "Chakeri", "zone": "2"}, "geometry": {"type": "Polygon", "coordinates": [[[80.44370120522514, 26.34615762078286], [80.44335694953607, 26.34631186946768], [80.4428405660025, 26.346620366220396], [80.44266843815797, 26.34708310980708], [80.44249631031344, 26.347237357257974], [80.44215205462439, 26.347545851542833], [80.44215205462439, 26.347700098376773], [80.44146354324627, 26.348317083655918], [80.44077503186817, 26.349015679734343], [80.43965118856183, 26.35025374162029], [80.43922588126745, 26.349297219910124], [80.43857288337506, 26.34954206123836], [80.43822862768602, 26.349696305410635], [80.43771224415242, 26.350004793138183], [80.43719586061886, 26.35015903669343], [80.4366539882334, 26.35050832969812], [80.4359654768553, 26.350816815260117], [80.43544909332172, 26.351279542060492], [80.43458845409909, 26.35158802556569], [80.43424419841004, 26.35158802556569], [80.43389994272098, 26.351896508248167], [80.43372781487645, 26.351896508248167], [80.43321143134288, 26.352050749280902], [80.43252291996478, 26.352359230729274], [80.43217866427572, 26.352821951359196], [80.43149015289762, 26.353130430750713], [80.43114589720855, 26.3529761911578], [80.43067505179458, 26.35334344127484], [80.42998654041645, 26.353806157967234], [80.42947015688289, 26.354268872808397], [80.42912590119383, 26.354423110677423], [80.4289537733493, 26.354731585798323], [80.42860951766025, 26.354731585798323], [80.42826526197119, 26.354704637691356], [80.42809313412668, 26.355013112061364], [80.42774887843761, 26.3551673489378], [80.42740462274857, 26.3551673489378], [80.42723249490405, 26.355630058332938], [80.42688823921499, 26.35609276587676], [80.42654398352593, 26.35640123654412], [80.42602759999237, 26.35686394100232], [80.42533908861427, 26.35732664360916], [80.4249948329252, 26.35763511098518], [80.4249948329252, 26.35794357753832], [80.42465057723616, 26.35809781050632], [80.42447844939161, 26.358252043268596], [80.42413419370257, 26.358406275825153], [80.42378993801351, 26.35856050817602], [80.42292929879088, 26.35902320399423], [80.42258504310183, 26.359331666844447], [80.42206865956824, 26.359640128871767], [80.42155227603467, 26.359948590076186], [80.42086376465657, 26.36041128033985], [80.42034738112298, 26.36071973948701], [80.41983099758941, 26.360873968751974], [80.41931461405584, 26.361182426664726], [80.41862610267772, 26.361645111990846], [80.4177654634551, 26.362107795465377], [80.4177654634551, 26.362262022878724], [80.41707695207698, 26.362570477088237], [80.41673269638792, 26.36287893047478], [80.41604418500982, 26.363033156859434], [80.41535567363172, 26.363495834778934], [80.41466716225362, 26.36380428569655], [80.41397865087552, 26.364112735791164], [80.4132901394974, 26.364729633511416], [80.4126016281193, 26.365192304641194], [80.41242950027477, 26.365192304641194], [80.4119131167412, 26.365500751032272], [80.41174098889667, 26.36565497391918], [80.41139673320762, 26.36565497391918], [80.41139673320762, 26.365963419075715], [80.41139673320762, 26.366271863409228], [80.4112246053631, 26.366271863409228], [80.41086030040633, 26.366480741650125], [80.41068817256179, 26.366634963229547], [80.41068817256179, 26.36694340577108], [80.41068817256179, 26.367097626733223], [80.41068817256179, 26.36725184748959], [80.41017178902823, 26.367714508524088], [80.40999966118369, 26.368177167706687], [80.40999966118369, 26.36848560613286], [80.40982753333915, 26.36863982503731], [80.40965540549463, 26.368948262228873], [80.40948327765011, 26.369256698597308], [80.40965540549463, 26.369256698597308], [80.40947325301624, 26.369331753574052], [80.40932525412757, 26.369437408374115], [80.40927971600796, 26.369563462969165], [80.40917725523889, 26.36971889882968], [80.40906340993989, 26.36985271625159], [80.4090292563502, 26.370161150206364], [80.4087560276326, 26.370368803031273], [80.40860666884787, 26.370482219974907], [80.4083293604422, 26.370626236364544], [80.40807482109628, 26.37073965305554], [80.4075015149132, 26.370764926268976], [80.40656526366939, 26.370368350256822], [80.40450194396561, 26.36876939577729], [80.4032428461965, 26.368210830413396], [80.40144137068037, 26.368926051108325], [80.40064037389932, 26.368216922464093], [80.40016680869327, 26.367799937509727], [80.39943411909158, 26.36855474248308], [80.39919096427562, 26.369003543103442], [80.39875563234733, 26.369402560593972], [80.39826473766564, 26.370241390989786], [80.39777384298397, 26.37076280233993], [80.39728294830226, 26.371346628456656], [80.39733120621388, 26.37239963852649], [80.3971945918551, 26.37370519205607], [80.3971945918551, 26.374267385904044], [80.3985078924816, 26.374854849335726], [80.40101792864357, 26.37588621033627], [80.4038768055443, 26.37730513472012], [80.4045653169224, 26.377613548783835], [80.40473744476692, 26.377921962024242], [80.405081700456, 26.37807616833573], [80.40559808398956, 26.37838458034119], [80.40611446752312, 26.37838458034119], [80.40611446752312, 26.378538786035193], [80.4064587232122, 26.378538786035193], [80.40731936243482, 26.37915560675287], [80.40800787381292, 26.379464015876724], [80.40835212950199, 26.379464015876724], [80.40948327765011, 26.379743045330528], [80.40982753333915, 26.379897249211254], [80.41034391687273, 26.38005145288614], [80.41068817256179, 26.38005145288614], [80.41120455609536, 26.38051406267579], [80.4113766839399, 26.38066826552732], [80.41172093962895, 26.380976670612885], [80.41206519531801, 26.38128507487507], [80.41258157885159, 26.38143927669742], [80.41275370669611, 26.3815934783139], [80.41292583454063, 26.381901880929348], [80.41327009022969, 26.382210282721413], [80.41344221807421, 26.382364483308663], [80.41378647376325, 26.38251868369007], [80.41413072945232, 26.38282708383532], [80.41395860160779, 26.383289682509343], [80.41378647376325, 26.38375227933065], [80.41344221807421, 26.383906477859398], [80.41327009022969, 26.38452326991572], [80.41292583454063, 26.384677467415163], [80.41275370669611, 26.385140058678264], [80.41240945100705, 26.385448451824384], [80.41206519531801, 26.38606523564618], [80.41154881178443, 26.386527821350914], [80.41154881178443, 26.38683621079136], [80.41103242825085, 26.387144599408344], [80.41086030040633, 26.387298793408007], [80.41068817256179, 26.387452987201797], [80.41034391687273, 26.388069760318224], [80.41017178902823, 26.388069760318224], [80.40965540549463, 26.388686530140536], [80.40948327765011, 26.389149105345524], [80.40913902196107, 26.38976586940307], [80.40862263842747, 26.390228440284385], [80.40810625489391, 26.39084519857701], [80.40758987136032, 26.39130776513458], [80.40724561567127, 26.392078705279207], [80.40672923213768, 26.392387079895773], [80.40621284860411, 26.3928496402763], [80.40552433722601, 26.393620570125723], [80.40535220938148, 26.39377475547789], [80.40483582584791, 26.39439149482741], [80.40483582584791, 26.394545679150017], [80.40431944231432, 26.394854047177468], [80.40397518662527, 26.39547078076133], [80.40414731446978, 26.395779146317743], [80.40414731446978, 26.395933328787077], [80.40466369800338, 26.39624169310796], [80.40466369800338, 26.396395874959506], [80.40431944231432, 26.39670423804483], [80.40414731446978, 26.397012600306443], [80.40414731446978, 26.397783502356727], [80.40414731446978, 26.398400220290174], [80.40397518662527, 26.399016934928618], [80.40397518662527, 26.399479468745074], [80.40397518662527, 26.39994200070808], [80.40397518662527, 26.400250354320338], [80.40414731446978, 26.40071288319416], [80.40414731446978, 26.40102123474695], [80.40431944231432, 26.40102123474695], [80.40483582584791, 26.40102123474695], [80.40552433722601, 26.40102123474695], [80.40604072075958, 26.40102123474695], [80.40707348782674, 26.401175410214407], [80.40758987136032, 26.401175410214407], [80.40810625489391, 26.401175410214407], [80.40942227531248, 26.401143600687142], [80.40976653100154, 26.400835249461267], [80.40976653100154, 26.4005268974116], [80.40976653100154, 26.400372721077833], [80.40976653100154, 26.399910190840902], [80.40993865884604, 26.399447658750418], [80.40913902196107, 26.398554399258686], [80.40896689411653, 26.398091861735306], [80.40896689411653, 26.397937682149003], [80.40913902196107, 26.39732096174437], [80.40931114980559, 26.39670423804483], [80.40965540549463, 26.39624169310796], [80.41034391687273, 26.396087511050467], [80.41068817256179, 26.395933328787077], [80.4113766839399, 26.396087511050467], [80.41189306747349, 26.39624169310796], [80.41240945100705, 26.39655005660513], [80.41258157885159, 26.39685841927861], [80.41327009022969, 26.39716678112838], [80.41361434591875, 26.397629322358554], [80.41395860160779, 26.397937682149003], [80.41464711298589, 26.398400220290174], [80.415335624364, 26.39886275657792], [80.41550775220853, 26.399479468745074], [80.41585200789758, 26.400096177617197], [80.41619626358664, 26.400558707108836], [80.41654051927569, 26.401175410214407], [80.4167126471202, 26.401483760531512], [80.41705690280928, 26.401792110024775], [80.41740115849832, 26.402408806539857], [80.4179175420319, 26.40271715356165], [80.41808966987644, 26.40302549975958], [80.41826179772094, 26.403179672549623], [80.41877818125454, 26.40348801751179], [80.4192945647881, 26.40302549975958], [80.4198109483217, 26.40271715356165], [80.42015520401074, 26.402562980153714], [80.4204994596998, 26.40210045869422], [80.42136009892242, 26.401483760531512], [80.42170435461148, 26.401483760531512], [80.42222073814507, 26.401175410214407], [80.42290924952317, 26.401175410214407], [80.42342563305674, 26.401175410214407], [80.42394201659032, 26.40102123474695], [80.42514691150201, 26.401175410214407], [80.42549116719105, 26.401175410214407], [80.42583542288011, 26.401175410214407], [80.42652393425821, 26.401175410214407], [80.42721244563631, 26.401175410214407], [80.42790095701442, 26.401175410214407], [80.42876159623705, 26.401175410214407], [80.43038635885895, 26.401084853860155], [80.43090274239255, 26.401084853860155], [80.43159125377065, 26.40123902924263], [80.43210763730421, 26.401547379389765], [80.4326240208378, 26.40216407721254], [80.4326240208378, 26.402626598417076], [80.4326240208378, 26.403397462972084], [80.43279614868234, 26.403705807352363], [80.43279614868234, 26.404014150908775], [80.4326240208378, 26.404630835549984], [80.4326240208378, 26.405093346868213], [80.43245189299329, 26.40540168671714], [80.43245189299329, 26.40571002574221], [80.43245189299329, 26.406018363943357], [80.4319355094597, 26.40632670132059], [80.4319355094597, 26.40648086970022], [80.43141912592611, 26.40648086970022], [80.43099381863175, 26.406562443148825], [80.43055848670349, 26.406929522953853], [80.4297788990862, 26.40679818449545], [80.42824521270349, 26.40687975771971], [80.42772882916991, 26.40687975771971], [80.42738457348085, 26.406725589873012], [80.42617967856916, 26.406725589873012], [80.42518242498775, 26.406666845887532], [80.42466604145417, 26.406666845887532], [80.42397753007607, 26.406821013812703], [80.42342563305674, 26.407188092795163], [80.4230813773677, 26.407496427046674], [80.4225649938341, 26.40765059386346], [80.42222073814507, 26.407958926879054], [80.421876482456, 26.40842142485753], [80.421876482456, 26.40857559043835], [80.421876482456, 26.4091922507018], [80.421876482456, 26.40934641525268], [80.421876482456, 26.409808907669305], [80.421876482456, 26.410733886940605], [80.421876482456, 26.411042211716353], [80.42136009892242, 26.4118130200506], [80.4211879710779, 26.41212134194225], [80.42101584323338, 26.41227550257906], [80.42067158754432, 26.412429663009853], [80.42032733185528, 26.412737983253386], [80.4198109483217, 26.41289214306613], [80.4192945647881, 26.41289214306613], [80.41860605341, 26.41366293903962], [80.41860605341, 26.41397125598688], [80.41860605341, 26.414896201884137], [80.41860605341, 26.415358672051408], [80.41860605341, 26.415512828361777], [80.41808966987644, 26.415512828361777], [80.41774541418738, 26.415975296056715], [80.41757328634284, 26.415975296056715], [80.41740115849832, 26.416283606823164], [80.41654051927569, 26.416746071427593], [80.41619626358664, 26.416900225883673], [80.41550775220853, 26.417054380133703], [80.41413072945232, 26.41720853417771], [80.41415077872003, 26.41758045166554], [80.4145150836768, 26.418156281188967], [80.41495041560506, 26.41831530528637], [80.41515805693534, 26.419031433533313], [80.41512798303374, 26.41972062439326], [80.41564436656732, 26.420337225077724], [80.4154722387228, 26.421107971297012], [80.4154722387228, 26.42172456456335], [80.4147837273447, 26.422649448280914], [80.4140952159666, 26.423728469908653], [80.41252143104846, 26.424240662423724], [80.41239398678904, 26.4249208449073], [80.41256611463355, 26.425229131758066], [80.41325462601166, 26.426308129244045], [80.41342675385617, 26.426770553646723], [80.4142063414735, 26.426009587681015], [80.41541667596934, 26.42587750570277], [80.41688477496474, 26.425532546563364], [80.41808966987644, 26.423991108122895], [80.42067158754432, 26.42137061548006], [80.42273712167862, 26.42044572150528], [80.42669606210275, 26.417054380133703], [80.43117138606044, 26.415204515535017], [80.43409755941737, 26.41381709761625], [80.4368516049298, 26.4118130200506], [80.43967667741371, 26.409523408380124], [80.4421675188424, 26.40877541367887], [80.44442523008897, 26.40811309307787], [80.4454579971561, 26.407188092795163], [80.44752353129043, 26.406571421820342], [80.44958362584059, 26.40480296381429], [80.45537038516717, 26.400390679383325], [80.46204327256828, 26.395325577220625], [80.46719164368605, 26.39145708091532], [80.47152032865108, 26.388291686547788], [80.47236006407152, 26.387348567084334], [80.47166152805957, 26.385810725875665], [80.47210229957196, 26.385298362760246], [80.47347932232819, 26.383756386791482], [80.47261868310555, 26.38236859081883], [80.47110504599054, 26.379897249211254], [80.4714493016796, 26.378200995202526], [80.47136281049009, 26.377910544508794], [80.47187919402367, 26.376368469921488], [80.47170706617916, 26.37575163432365], [80.47050217126747, 26.37575163432365], [80.46964153204483, 26.376676886485498], [80.46920620011659, 26.376804151503276], [80.46843663713314, 26.376831094458787], [80.46740387006598, 26.376676886485498], [80.46680643492705, 26.37680825921115], [80.4661989751543, 26.377139509787902], [80.46533833593168, 26.377910544508794], [80.46430556886452, 26.3776021312379], [80.46267078160875, 26.375271043254873], [80.46071178793164, 26.3733976730852], [80.46021001408161, 26.371406748723693], [80.45922822471823, 26.370953083910553], [80.45759802251214, 26.36907964374107], [80.46090855009358, 26.367397086323233], [80.46056429440452, 26.366780202838303], [80.45762809641373, 26.364598247054804], [80.45743591930149, 26.363717808212968], [80.45546146140637, 26.36180832217333], [80.45644869035392, 26.361376692316053], [80.45495051745695, 26.359853127405483], [80.45251523878169, 26.358065989115506], [80.45044970464738, 26.355993191575315], [80.44905721767314, 26.353371155424508], [80.44855629835759, 26.351520270586498], [80.44766558523338, 26.3503222630871], [80.44798349753607, 26.349791776465562], [80.44844975790038, 26.34921560601886], [80.44919383203194, 26.34870231490613], [80.44712829789762, 26.34793108536128], [80.44370120522514, 26.34615762078286]]]}}, {"type": "Feature", "properties": {"ward_number": 19, "ward_name": "Sanigawan", "zone": "2"}, "geometry": {"type": "Polygon", "coordinates": [[[80.43907902752727, 26.34923543740056], [80.43916509144954, 26.349466804195124], [80.43856264399369, 26.348849825047964], [80.43813232438237, 26.34877270242318], [80.43770200477107, 26.348541334240366], [80.43727168515974, 26.348309965594794], [80.43709955731524, 26.34815571957403], [80.43675530162616, 26.347770103622295], [80.4364110459371, 26.34730736278351], [80.4364110459371, 26.346690372119305], [80.4362389180926, 26.346458999771897], [80.43563647063674, 26.346458999771897], [80.43477583141411, 26.3466132480549], [80.43425944788054, 26.346767496132287], [80.43382912826921, 26.34692174400398], [80.43305455296884, 26.34730736278351], [80.43253816943528, 26.347615856881685], [80.4320217859017, 26.347770103622295], [80.43098901883454, 26.348464211409915], [80.43038657137869, 26.348849825047964], [80.42978913623978, 26.34898366662412], [80.42938659800518, 26.349054243190313], [80.42892348470022, 26.350160901802273], [80.42840710116666, 26.350546509784404], [80.42746039802175, 26.35077787395664], [80.42703007841043, 26.350854995244546], [80.42651369487686, 26.351086358799783], [80.425911247421, 26.351394842820177], [80.4252227360429, 26.351394842820177], [80.42444816074253, 26.351549084521874], [80.42444816074253, 26.351163479881997], [80.42436209682027, 26.35070075261731], [80.42410390505347, 26.350315145149384], [80.42375964936443, 26.34992953639598], [80.42363305963951, 26.349401102314285], [80.42315720190858, 26.34915831503289], [80.422640818375, 26.348464211409915], [80.42246869053048, 26.348232842610123], [80.4219523069969, 26.34792435015724], [80.4222104987637, 26.347538733434256], [80.42143592346332, 26.34723023913044], [80.42048922031843, 26.34746160993543], [80.41988677286258, 26.346458999771897], [80.41988677286258, 26.345533505755075], [80.41988677286258, 26.344608004334987], [80.41997283678485, 26.34414525084871], [80.41997283678485, 26.343759621529742], [80.41928432540675, 26.34345111714919], [80.4186818779509, 26.343219738323985], [80.41807943049506, 26.34283410592046], [80.41807943049506, 26.342448472231712], [80.41842368618411, 26.342294218396376], [80.41850975010638, 26.341831455656546], [80.41850975010638, 26.341445818626358], [80.41850975010638, 26.34113730807688], [80.41799336657279, 26.34113730807688], [80.41747698303922, 26.34082879670491], [80.41730485519469, 26.340520284510447], [80.41713272735016, 26.34028889982483], [80.41678847166112, 26.339903257654075], [80.41618602420526, 26.33959474299219], [80.41523932106037, 26.33959474299219], [80.41463687360454, 26.339903257654075], [80.41403442614869, 26.34028889982483], [80.41351804261511, 26.340520284510447], [80.4130877230038, 26.340751668733386], [80.41274346731474, 26.340366028104768], [80.41265740339247, 26.339980386191055], [80.41317378692607, 26.339749000425954], [80.41317378692607, 26.339517614198225], [80.41300165908153, 26.33920909850826], [80.41248527554797, 26.33920909850826], [80.41214101985891, 26.33920909850826], [80.41214101985891, 26.33897771120105], [80.41196889201437, 26.33890058199585], [80.41153857240306, 26.338823452739256], [80.41102218886947, 26.338823452739256], [80.41085006102495, 26.33890058199585], [80.41059186925817, 26.33890058199585], [80.41059186925817, 26.33851493519879], [80.41041974141363, 26.338129287116658], [80.41024761356911, 26.33789789765054], [80.40998942180232, 26.33743511733051], [80.40973123003553, 26.337126596089124], [80.40930091042422, 26.336586681937796], [80.40912878257969, 26.335969634109457], [80.40895665473516, 26.33558397754626], [80.40852633512385, 26.33504405619909], [80.40800995159027, 26.335815371638382], [80.4074935680567, 26.335429714561208], [80.4074935680567, 26.334966924372477], [80.40689112060085, 26.33504405619909], [80.40628867314501, 26.33558397754626], [80.40603048137822, 26.33589250289962], [80.40542803392238, 26.33566110896169], [80.40473952254426, 26.336355289387658], [80.4042231390107, 26.336663812685053], [80.40379281939937, 26.336972335160034], [80.40310430802127, 26.337666507721814], [80.40293676522644, 26.337426516201393], [80.4025925095374, 26.337657906609923], [80.40164580639251, 26.3385063341499], [80.40044091148081, 26.339277626516303], [80.39958027225819, 26.33989465670839], [80.39923601656913, 26.34051168361061], [80.39803112165744, 26.340665939822127], [80.39634621123237, 26.341926933201687], [80.39618410802171, 26.343362569997968], [80.39603202944492, 26.34417707606947], [80.39603202944492, 26.344794080136786], [80.39594596552264, 26.34595095389461], [80.39611809336718, 26.346799320631696], [80.39585990160039, 26.34749343424393], [80.39534351806682, 26.34795617433844], [80.39482713453323, 26.34841891258197], [80.39456894276645, 26.349498627952013], [80.39431075099965, 26.35026984704625], [80.3942246870774, 26.35111818211109], [80.39431075099965, 26.351658028458363], [80.39456894276645, 26.352274992627198], [80.39474107061096, 26.353123312985815], [80.39482713453323, 26.353586030558894], [80.39456894276645, 26.354202984443315], [80.39448287884417, 26.354434341301495], [80.39474107061096, 26.355205527486124], [80.39542958198908, 26.355899590655472], [80.39568777375585, 26.356593649659313], [80.39594596552264, 26.357210587499008], [80.39525745414454, 26.35821310446857], [80.3949131984555, 26.358752917698308], [80.39474107061096, 26.359524075083524], [80.39474107061096, 26.359986767045985], [80.3939664953106, 26.359678305943394], [80.39284766432118, 26.35936984401793], [80.39267553647666, 26.359292728408], [80.3923312807876, 26.359986767045985], [80.39180988493709, 26.360408654153307], [80.39117693631242, 26.360191165504443], [80.39130603219581, 26.359805589679272], [80.39061752081771, 26.360885198749557], [80.39018720120639, 26.360885198749557], [80.3899290094396, 26.36096231329741], [80.3892404980615, 26.361424999504393], [80.38863805060565, 26.362119025343112], [80.38777741138303, 26.36289016027761], [80.38726102784945, 26.363198612811225], [80.38683070823812, 26.363275725816024], [80.38640038862683, 26.363275725816024], [80.3857118772487, 26.363198612811225], [80.38536762155965, 26.36342995167136], [80.38476517410382, 26.36366129006856], [80.38450698233703, 26.363352838769405], [80.38381847095893, 26.362967273488177], [80.3833881513476, 26.363198612811225], [80.38304389565853, 26.363507064521865], [80.3824414482027, 26.363352838769405], [80.38123655329103, 26.363507064521865], [80.38046197799065, 26.36366129006856], [80.37977346661255, 26.363352838769405], [80.3784825077786, 26.364201077861743], [80.37805218816729, 26.364895087035173], [80.37770793247823, 26.365203534219326], [80.37719154894465, 26.365280645886767], [80.37641697364428, 26.365280645886767], [80.37598665403299, 26.365974648578938], [80.37572846226618, 26.36666864710448], [80.37529814265486, 26.36751686186611], [80.37469569519902, 26.3680566316554], [80.37374899205412, 26.36859639892398], [80.37314654459828, 26.368365070403243], [80.37245803322018, 26.368750617680597], [80.37185558576434, 26.368904836231415], [80.3709949465417, 26.369059054576493], [80.37056462693039, 26.369521708377007], [80.3693597320187, 26.3699843603255], [80.36875728456286, 26.37006146880353], [80.36789664534024, 26.370369902201176], [80.36746632572891, 26.370755442790713], [80.36626143081725, 26.370986766527082], [80.36548685551685, 26.371603627560376], [80.36428196060518, 26.37214337826351], [80.36359344922708, 26.37252891293663], [80.3628188739267, 26.37291444632348], [80.36187217078182, 26.373454190904226], [80.36152791509275, 26.373685509238513], [80.36140633768476, 26.37281975995689], [80.36097601807344, 26.373513717380558], [80.36097601807344, 26.374130564925196], [80.36114814591797, 26.374593198422755], [80.36123420984022, 26.37490161972541], [80.36123420984022, 26.37528714519609], [80.36140633768476, 26.376058192278446], [80.36140633768476, 26.376675026239674], [80.36157846552929, 26.3770605457932], [80.36183665729608, 26.37744606406033], [80.36140633768476, 26.377831581041068], [80.36166452945155, 26.378602611143336], [80.36132027376249, 26.37921943152026], [80.36097601807344, 26.379682044641708], [80.36080389022892, 26.380221757608705], [80.36054569846212, 26.380761468054185], [80.36054569846212, 26.381455377778973], [80.3603735706176, 26.382226383695485], [80.3603735706176, 26.382766084775046], [80.36020144277309, 26.38338288292109], [80.36041409642027, 26.384693185286288], [80.3608444160316, 26.385001579625598], [80.36127473564291, 26.385387071391765], [80.36144686348743, 26.385772561871256], [80.36196324702102, 26.38623514874827], [80.36239356663233, 26.38669773377242], [80.3629099501659, 26.387160316943728], [80.36325420585496, 26.38762289826215], [80.36368452546628, 26.38816257412513], [80.36420090899986, 26.3886251514289], [80.36488942037796, 26.38901063109995], [80.36540580391156, 26.389550300477627], [80.36583612352285, 26.389935777060355], [80.36643857097869, 26.389935777060355], [80.36652463490095, 26.390244157400037], [80.36678282666776, 26.390938010153178], [80.36734474832092, 26.39101548738421], [80.36794719577676, 26.392017711105435], [80.36863570715487, 26.39248027296576], [80.36906602676619, 26.393019926127312], [80.36992666598883, 26.394253409596192], [80.37078730521145, 26.39487014638875], [80.37138975266728, 26.395563971342188], [80.37201371610368, 26.395987973427637], [80.37235797179275, 26.396219246636033], [80.37287435532633, 26.396219246636033], [80.37330467493766, 26.396296337602543], [80.37390712239348, 26.396373428517578], [80.3743374420048, 26.396296337602543], [80.37468169769384, 26.396604700953763], [80.37519808122744, 26.397144334836344], [80.37562840083875, 26.39768396619629], [80.37614478437233, 26.39814650535409], [80.37666116790591, 26.39884031061567], [80.37717755143947, 26.399302845139918], [80.3776078710508, 26.39999664345099], [80.3778660628176, 26.400459173341524], [80.3782963824289, 26.400921701378504], [80.37872670204023, 26.4015384025445], [80.378984893807, 26.40207801336162], [80.3795012773406, 26.402694708348967], [80.38001766087417, 26.403311400040955], [80.3797594691074, 26.403851002568206], [80.37907095772927, 26.404390602572335], [80.37958734126286, 26.404698944299014], [80.38010372479643, 26.405161455344274], [80.38062010833002, 26.40546979501123], [80.38079223617454, 26.405855218436304], [80.38122255578585, 26.40639480906866], [80.3815668114749, 26.4066260614244], [80.38250807132262, 26.406000409617477], [80.38302445485621, 26.405411052381808], [80.3833636987234, 26.404948542336946], [80.38428491128367, 26.404295561090528], [80.38557587011762, 26.403175569992314], [80.38689188806089, 26.40176107294557], [80.38831444868914, 26.400450581557333], [80.38943327967857, 26.39949370920679], [80.39051659643965, 26.398573129037896], [80.39162540378537, 26.397099442239174], [80.39298237925414, 26.395616371498487], [80.39544729911798, 26.393385575305768], [80.39682933369606, 26.391703374307475], [80.39813031617369, 26.39074642945148], [80.39950733892991, 26.38920452622432], [80.40155740612335, 26.387136779674393], [80.39967618085385, 26.390775536950247], [80.39706591815602, 26.39482696249784], [80.39590284372046, 26.397758588689324], [80.39613096455608, 26.400976046495412], [80.39721929313903, 26.40236245942279], [80.40189007814931, 26.398310138886192], [80.40755725304778, 26.391502210293183], [80.4147071524674, 26.38315511500992], [80.41310875427223, 26.38215525322837], [80.4113331948752, 26.380853902744775], [80.40930946834524, 26.37973855716916], [80.40828758044638, 26.37953419327829], [80.40716520385288, 26.379040146725636], [80.40578860836389, 26.378482466528254], [80.40650175405942, 26.378761115574104], [80.40519618554194, 26.377938254986724], [80.4044420867765, 26.377543757433568], [80.40357643523694, 26.37703584813327], [80.40281732415458, 26.376682144772232], [80.40179500898851, 26.376446341930016], [80.40092434513204, 26.375897630269424], [80.40004365664167, 26.37558023054433], [80.39924401975667, 26.37526732050027], [80.39821669227365, 26.374732074962285], [80.39718936479065, 26.374346547639657], [80.39720941405838, 26.37301816535942], [80.39720941405838, 26.371807674143433], [80.39719938942451, 26.371177342064748], [80.39815611720329, 26.370256919421525], [80.39905728222858, 26.369155326734138], [80.40002403464119, 26.367813412255703], [80.40123351460255, 26.368887690120435], [80.40207367729026, 26.368484180036035], [80.40315155520979, 26.368171250777532], [80.40461421462103, 26.36892361652081], [80.40549490311138, 26.369630686847756], [80.40670438307275, 26.370446296276782], [80.40742296835244, 26.370872253131214], [80.40771667360497, 26.370917543163475], [80.40845573541961, 26.370441422730273], [80.40887101808015, 26.37020560715291], [80.40903813360772, 26.369969408286575], [80.40918477260038, 26.369760536350224], [80.40947303826874, 26.36961979125886], [80.40947303826874, 26.36915713785098], [80.40973123003553, 26.36861737320106], [80.40998942180232, 26.36815471578054], [80.41033367749137, 26.367383615964282], [80.41085006102495, 26.366766732407445], [80.41085006102495, 26.365995623331752], [80.41143704426275, 26.366022568807253], [80.4116091721073, 26.365637012430284], [80.4116091721073, 26.365328566402784], [80.4122521453658, 26.365097231342038], [80.41276852889939, 26.36486589581838], [80.4131988485107, 26.364711671878734], [80.41354310419976, 26.36440322338218], [80.41388735988882, 26.36409477406263], [80.41466193518919, 26.36370921125585], [80.4148340630337, 26.36347787295455], [80.41560863833409, 26.363169421166024], [80.41646927755671, 26.36270674194018], [80.41707172501255, 26.36239828809424], [80.41776023639066, 26.361935605782268], [80.41827661992424, 26.361704263931927], [80.41922332306912, 26.361241578842517], [80.42060034582533, 26.360316203108916], [80.42137492112572, 26.359930627700702], [80.42192681814502, 26.359925753710822], [80.4222710738341, 26.359694407838965], [80.42347596874576, 26.359231714706592], [80.42416448012389, 26.3586919037121], [80.42476692757973, 26.357997857301907], [80.42545543895783, 26.35738092366235], [80.4262300142582, 26.35684110402777], [80.42700458955856, 26.356224164216894], [80.42717671740309, 26.355838575163745], [80.42760703701441, 26.35553010299552], [80.42812342054799, 26.35506739320045], [80.42907012369288, 26.354373325036686], [80.43053321037134, 26.353602133302754], [80.4311356578272, 26.35306229602935], [80.43217343721128, 26.35289458208042], [80.4323455650558, 26.352586102059863], [80.43286194858938, 26.352354741504527], [80.43337833212294, 26.352046260044176], [80.43552907564506, 26.35136153958309], [80.43604545917863, 26.350898813110717], [80.436820034479, 26.35066744918038], [80.4375085458571, 26.350204719931384], [80.43811099331296, 26.349896232737024], [80.43888556861333, 26.349510622587154], [80.4376159408488, 26.34849006381111], [80.4383044522269, 26.348335818030442], [80.43827939064226, 26.348920593134537], [80.43861863401438, 26.348838978977582], [80.4392511553718, 26.349582487418875], [80.43907902752727, 26.34923543740056]]]}}, {"type": "Feature", "properties": {"ward_number": 53, "ward_name": "Daheli Sujanpur KDA Colony", "zone": "2"}, "geometry": {"type": "Polygon", "coordinates": [[[80.3600100178633, 26.384404999968986], [80.36001001786329, 26.385192805666797], [80.36005839473827, 26.385736860464842], [80.36029749702301, 26.386452785157534], [80.35873671776017, 26.38640843103781], [80.35781403650674, 26.38611982353742], [80.35673083709997, 26.385852120868684], [80.35583262818433, 26.385563511978084], [80.35518203856216, 26.385668039946935], [80.3538102243945, 26.38611982353742], [80.35374021418464, 26.387687267927156], [80.35373964638406, 26.388810040605215], [80.35367133957598, 26.389989413229795], [80.35376014411781, 26.392190601983835], [80.35332128852684, 26.392711176418135], [80.3525175621588, 26.394032260267082], [80.35348748468601, 26.39471344616696], [80.35385292326366, 26.395213105371663], [80.35371176724283, 26.39575202691595], [80.35332583093147, 26.3979214709738], [80.35350911802087, 26.39915888266264], [80.35364800283938, 26.40060403861586], [80.35375957631723, 26.40254549819211], [80.35352848015343, 26.40458431602912], [80.3526536079744, 26.4060067221902], [80.35343513320699, 26.406592482504287], [80.35408061262396, 26.407542264381025], [80.3544494580051, 26.40840944970143], [80.35509493742208, 26.409235334423254], [80.35587873385697, 26.410598031289414], [80.35675474163716, 26.41167165990818], [80.35753853807206, 26.412993035260968], [80.35859896854281, 26.41447956444076], [80.35929055363242, 26.41538798950882], [80.36020982808236, 26.416504899092942], [80.3589217082513, 26.41753514759235], [80.35804570047112, 26.418030639935065], [80.35716969269093, 26.418773874457703], [80.35606315654753, 26.419682265702875], [80.35527936011265, 26.42038419949154], [80.35417566297215, 26.421005074765542], [80.35359849036325, 26.42142051523144], [80.35223525011716, 26.42177173161433], [80.35092322574891, 26.422101030967788], [80.34913078252167, 26.422614860156706], [80.34848132850067, 26.42300736206716], [80.347376495759, 26.423793887322134], [80.34622158274064, 26.42480368068638], [80.3464270709655, 26.425793075364275], [80.34661149365607, 26.426783986954298], [80.346749810674, 26.427073001230404], [80.34781024114476, 26.427692315096554], [80.34859403757964, 26.42831162563561], [80.34942393968718, 26.42855934891966], [80.35002331343154, 26.42905479389073], [80.35034605314003, 26.428807071671383], [80.35080710986644, 26.428352912886602], [80.35163701197399, 26.427692315096554], [80.35228249139097, 26.427031713521032], [80.35274354811737, 26.426536259855265], [80.35315849917114, 26.4259995159812], [80.35375787291547, 26.42550405787955], [80.35403450695134, 26.424967309199996], [80.354587775023, 26.424513135288652], [80.35495662040415, 26.423687359957224], [80.35578652251169, 26.422820289494155], [80.3562475792381, 26.42240739650577], [80.35740022105415, 26.421499026727076], [80.35804570047112, 26.42079709972434], [80.35878339123337, 26.420136458642258], [80.3597055046862, 26.41939323290103], [80.36044319544847, 26.418608711644406], [80.36131920322865, 26.41765902087761], [80.36182636562769, 26.41703965312088], [80.36256405638997, 26.416378990514282], [80.36357838118808, 26.415264113784456], [80.36445438896827, 26.414438272222203], [80.36519207973052, 26.413612424747296], [80.36592977049278, 26.412993035260968], [80.36657524990976, 26.412414935406517], [80.36722072932673, 26.411630366684513], [80.36777399739843, 26.410928379620895], [80.36865000517861, 26.41030897572337], [80.36943380161351, 26.409400510658212], [80.36980264699466, 26.40886368703003], [80.3701945452121, 26.408553979954508], [80.37056339059323, 26.408141035893973], [80.37102444731964, 26.407728090355498], [80.37130108135548, 26.407315143339105], [80.37176213808189, 26.406778310008377], [80.37194656077246, 26.406530539936437], [80.37222319480831, 26.40636535959289], [80.37263814586208, 26.406489244872706], [80.37296088557058, 26.406530539936437], [80.37319141393378, 26.406324064470052], [80.37374468200548, 26.40603499819643], [80.37429795007716, 26.405580749731968], [80.37452847844038, 26.40508520391314], [80.37498953516679, 26.404713543152504], [80.37508174651208, 26.404548360208], [80.37494342949414, 26.4043005853479], [80.37475900680357, 26.40417669771834], [80.37452847844038, 26.4038050340317], [80.3741135273866, 26.40339207297601], [80.37429795007716, 26.40293781410798], [80.37475900680357, 26.402566146431447], [80.37526616920265, 26.40244225693994], [80.37563501458376, 26.402566146431447], [80.3760038599649, 26.40248355345189], [80.37687986774509, 26.402690035789956], [80.37747924148943, 26.40302040676243], [80.3781247209064, 26.403433369148075], [80.37858577763281, 26.403846330055984], [80.37895462301394, 26.40409410589142], [80.37909294003187, 26.40417669771834], [80.37932346839509, 26.403970218040214], [80.37983063079413, 26.40368114587015], [80.3800150534847, 26.40339207297601], [80.38019947617526, 26.40326818437114], [80.3800150534847, 26.402979110442583], [80.3797845251215, 26.402648739351893], [80.37950789108565, 26.40231836731546], [80.37918515137716, 26.401864104221183], [80.3789085173413, 26.40149243308685], [80.37853967196017, 26.401244651665674], [80.37826303792433, 26.40066649294758], [80.3778941925432, 26.400170926026966], [80.37770976985263, 26.399716654480557], [80.3773409244715, 26.39922108348176], [80.37697207909038, 26.39901459493762], [80.37664933938187, 26.398395127088886], [80.37628049400075, 26.39822993510107], [80.37591164861962, 26.397734357719234], [80.37558890891113, 26.397280076583503], [80.37526616920265, 26.39690839068814], [80.37485121814888, 26.396495404956358], [80.37448237276774, 26.396165015307158], [80.37397521036868, 26.396206314065015], [80.37342194229699, 26.396206314065015], [80.3728686742253, 26.396206314065015], [80.3723154061536, 26.396206314065015], [80.37190045509982, 26.39579332582156], [80.37157771539134, 26.395504233172055], [80.37134718702812, 26.394967344902337], [80.37088613030171, 26.39467825018445], [80.3704250735753, 26.394141358073462], [80.37014843953946, 26.394141358073462], [80.3698718055036, 26.393521864073698], [80.36941074877718, 26.392984966585125], [80.36899579772341, 26.392571966818068], [80.36871916368759, 26.392406766497583], [80.36825810696116, 26.391869863823636], [80.36798147292532, 26.391415559611048], [80.36775094456212, 26.390837351664327], [80.36733599350835, 26.390259140822206], [80.36705935947249, 26.389887432323356], [80.36600914941218, 26.38971561595966], [80.36579627977979, 26.389530523932656], [80.36556518361598, 26.38930362176417], [80.3652401727052, 26.38915779582156], [80.36503241327802, 26.38892987565182], [80.3648018849148, 26.388803428350627], [80.36458146346834, 26.38853624053876], [80.3642575881587, 26.38834860343648], [80.36389044617931, 26.387877449299317], [80.36349939966271, 26.387506241774698], [80.36297173952994, 26.38723498182646], [80.36258012521277, 26.38676127992604], [80.36212077188812, 26.38622638558811], [80.36184186664994, 26.385997442338198], [80.36151344893567, 26.385702730027262], [80.36121461376437, 26.38547531168821], [80.3607097225676, 26.38494041139442], [80.36038698285914, 26.384752768449847], [80.3600100178633, 26.384404999968986]]]}}, {"type": "Feature", "properties": {"ward_number": 67, "ward_name": "Yashoda Nagar East", "zone": "2"}, "geometry": {"type": "Polygon", "coordinates": [[[80.353966529269, 26.38594262134273], [80.35335359211017, 26.386111569486946], [80.35241061186582, 26.38628051738402], [80.35165622767033, 26.386660649248803], [80.35080754545044, 26.386871833077503], [80.35014745927938, 26.387040779862378], [80.34991171421828, 26.386491701907815], [80.34991171421828, 26.386153806484387], [80.34991171421828, 26.385689198663005], [80.34986456520606, 26.38509787691446], [80.34981741619386, 26.384717739905984], [80.34953452212054, 26.384253126307673], [80.34911018101059, 26.384591027291805], [80.34892158496172, 26.384802214904884], [80.34863869088841, 26.385140114282603], [80.34816720076621, 26.385140114282603], [80.34741281657075, 26.385266826294387], [80.34689417743635, 26.38552024990092], [80.34628124027752, 26.385858147177924], [80.34566830311869, 26.386153806484387], [80.3451968129965, 26.386576175609196], [80.34458387583769, 26.387040779862378], [80.3441123857155, 26.387589855206418], [80.34397093867885, 26.388054455381543], [80.3435937465811, 26.38864576199205], [80.34331085250781, 26.389025886071416], [80.3430279584345, 26.389532716230757], [80.34283936238563, 26.38982836612975], [80.34316940547116, 26.39025072181524], [80.3435937465811, 26.390757546598604], [80.34401808769107, 26.391095428551644], [80.34439527978881, 26.391644484616588], [80.34472532287434, 26.392024598824403], [80.34500821694765, 26.392446946476525], [80.3451968129965, 26.392700354326262], [80.34496106793543, 26.392995996114635], [80.34448957781325, 26.393333871517285], [80.3441123857155, 26.393545043141792], [80.34368804460556, 26.39388291693765], [80.3435937465811, 26.394558661562975], [80.34364089559332, 26.395276635893623], [80.34364089559332, 26.39586790551906], [80.34373519361776, 26.39645917211618], [80.34373519361776, 26.396797037383443], [80.34335800152003, 26.396965969646235], [80.34316940547116, 26.39717713462707], [80.34274506436118, 26.397388299221664], [80.34260361732454, 26.39797955803141], [80.34203782917794, 26.39823295373707], [80.34142489201909, 26.398401883898487], [80.34085910387249, 26.398781975857737], [80.34019901770144, 26.399204298788984], [80.33977467659147, 26.399626620175017], [80.33953893153038, 26.39979554829678], [80.3390674414082, 26.400048940015836], [80.33892599437155, 26.400260099356785], [80.33859595128604, 26.400513490056003], [80.33883169634713, 26.400809111835304], [80.3390674414082, 26.401189195867545], [80.33935033548153, 26.401569278648097], [80.33953893153038, 26.40173820392657], [80.33925603745708, 26.40207605374176], [80.339020292396, 26.402329440454114], [80.33887884535935, 26.40245613360167], [80.33845450424938, 26.402709519479576], [80.33812446116386, 26.403089597253274], [80.33779441807833, 26.403216289566355], [80.33751152400502, 26.40359636567105], [80.33718148091951, 26.403765287982473], [80.33680428882177, 26.404103131863508], [80.33708718289506, 26.404609895830546], [80.33741722598059, 26.404989967345422], [80.33788871610277, 26.40537003760848], [80.33831305721273, 26.405750106619724], [80.33864310029826, 26.406087944689887], [80.33892599437154, 26.406341322593455], [80.33925603745706, 26.406636929444378], [80.33953893153038, 26.406932535537997], [80.33982182560368, 26.407228140874317], [80.3398689746159, 26.407354828643758], [80.3393503354815, 26.407819349275016], [80.33887884535933, 26.408030494398275], [80.33850165326159, 26.408326096921712], [80.33817161017606, 26.408663927449687], [80.33760582202943, 26.408959528350273], [80.33732292795614, 26.409212899947946], [80.33689858684619, 26.409466270989224], [80.336427096724, 26.40976186983413], [80.33600275561405, 26.41001523966983], [80.3355784145041, 26.410395293380034], [80.3351069243819, 26.41064866182463], [80.33468258327196, 26.410902029712783], [80.33435254018643, 26.41128208050169], [80.33383390105203, 26.41153544699874], [80.33345670895429, 26.411746585321186], [80.33303236784434, 26.41204217832344], [80.33260802673438, 26.412295543151085], [80.33227798364885, 26.412548907422284], [80.3319007915511, 26.412760043889858], [80.33142930142893, 26.412971179971002], [80.33105210933118, 26.413224542758282], [80.3305334701968, 26.413562358942336], [80.33010912908684, 26.413857947291845], [80.32977908600131, 26.41398462778118], [80.32954334094022, 26.414237988342503], [80.32926044686691, 26.414449121718526], [80.32902470180582, 26.41466025470807], [80.32905587699582, 26.414547881098173], [80.32896157897139, 26.414547881098173], [80.32886636066092, 26.4150745422891], [80.329102105722, 26.415201221442345], [80.32952644683198, 26.415454579331445], [80.32971504288084, 26.4155812580673], [80.3299036389297, 26.41575016283201], [80.33028083102744, 26.41591906734937], [80.33042227806409, 26.41604574557509], [80.33089376818627, 26.4163835534968], [80.33125851977434, 26.416510231212357], [80.33164907266782, 26.41665919179501], [80.33191415234683, 26.416920523593085], [80.33235630785106, 26.417165900611508], [80.33278064896102, 26.417461479726445], [80.33311069204655, 26.41763038173771], [80.33334643710764, 26.41784150890396], [80.33404660566582, 26.41759847348455], [80.33442379776356, 26.417514022486472], [80.33494243689795, 26.417387345873397], [80.33555537405678, 26.417049540891664], [80.33597971516674, 26.416922863768427], [80.33659265232556, 26.416796186506062], [80.33720558948441, 26.416458379792886], [80.33757740769754, 26.41658588161881], [80.33822059976035, 26.416539667188022], [80.33910045717025, 26.416459203986328], [80.33956304009529, 26.416162798107248], [80.33994023219303, 26.41607834605796], [80.3406474673763, 26.415951667868043], [80.34107180848625, 26.415824989538994], [80.34154329860844, 26.41561385868144], [80.34220338477948, 26.415444953717117], [80.34258057687722, 26.41527604850545], [80.34256629579549, 26.414953367631618], [80.3425564683123, 26.415124745924743], [80.34274506436118, 26.414449121718526], [80.34316940547114, 26.41406908136347], [80.34349944855667, 26.413646812833775], [80.34368804460553, 26.413182315665725], [80.34401808769107, 26.41271781662728], [80.34415953472771, 26.412506680082405], [80.3444806706161, 26.411999126572745], [80.34505444567382, 26.41158482794639], [80.34561670050789, 26.411327472808807], [80.34613533964227, 26.411031877975294], [80.34703117087442, 26.410609598327856], [80.34745551198436, 26.41048291413221], [80.34830419420429, 26.410102860710623], [80.3490416842915, 26.409692544080073], [80.34957721753418, 26.40930052159811], [80.35028890631601, 26.40933958553815], [80.3510904395237, 26.408748384927136], [80.35175052569475, 26.408495012309345], [80.35250490989023, 26.408157181286757], [80.35359117774331, 26.407510954553683], [80.35335359211015, 26.40773489111754], [80.35349503914681, 26.40762931833373], [80.35359471105585, 26.40716796157051], [80.35340611500698, 26.40695681486883], [80.35317036994587, 26.406492290765172], [80.35275846934562, 26.406204661396284], [80.35255205890246, 26.40585568112289], [80.35288210198797, 26.40539115258638], [80.35321214507351, 26.40484216190504], [80.35354218815903, 26.40433539895797], [80.35354218815903, 26.403448558445742], [80.35354218815903, 26.40285732765139], [80.35368363519568, 26.401886013342416], [80.3537307842079, 26.401252543084546], [80.35363648618346, 26.400576837643882], [80.35363648618346, 26.399901128247322], [80.35363648618346, 26.399183182679113], [80.35358933717126, 26.398591930034556], [80.35354218815903, 26.3979584416975], [80.35335359211015, 26.397029319181048], [80.35335359211015, 26.396691454593633], [80.35340074112237, 26.3962691224688], [80.35358933717126, 26.39567785489828], [80.3537307842079, 26.395128818014093], [80.3537307842079, 26.39462201241881], [80.35321214507351, 26.39457977851877], [80.35288210198797, 26.394410842764163], [80.35259920791468, 26.393861799854378], [80.35259920791468, 26.393270519954577], [80.35288210198797, 26.39305934782795], [80.35316499606128, 26.392552533148166], [80.35330644309794, 26.39238359442719], [80.35349503914681, 26.392256890224253], [80.3537307842079, 26.391792306957214], [80.3537307842079, 26.390863134815127], [80.3537307842079, 26.38993395519594], [80.35363648618346, 26.38987060176782], [80.35377793322012, 26.389321537268025], [80.35377793322012, 26.388772470157548], [80.35391938025677, 26.388265636661448], [80.3537307842079, 26.387463145743354], [80.35387223124455, 26.386829596342647], [80.35387223124455, 26.386196043466384], [80.35387223124455, 26.386069332474083], [80.353966529269, 26.38594262134273]]]}}, {"type": "Feature", "properties": {"ward_number": 91, "ward_name": "Yashoda Nagar West", "zone": "2"}, "geometry": {"type": "Polygon", "coordinates": [[[80.33841586873962, 26.400535251191215], [80.3379293744007, 26.40091974173892], [80.33704223766502, 26.40171435147859], [80.3361837182434, 26.402252632387537], [80.33555413733421, 26.402714014025538], [80.33489593911098, 26.40307286513545], [80.33395156774719, 26.40322665812668], [80.33315028295368, 26.403175393819026], [80.3325779366726, 26.40268838176071], [80.33232038084613, 26.40245769112103], [80.33154771336665, 26.40279091078588], [80.33074642857315, 26.40304723295031], [80.32997376109368, 26.403277922411537], [80.3297162052672, 26.40286780749497], [80.3293441801845, 26.402432058799256], [80.32908662435801, 26.401893778727178], [80.32831395687856, 26.402098838098283], [80.32742682014289, 26.402355161799814], [80.32671138729155, 26.402637117213956], [80.32645383146505, 26.403124129488624], [80.32628212758073, 26.40368803587069], [80.32625351026667, 26.404251939497282], [80.3261104236964, 26.404815840368364], [80.32588148518396, 26.405277211758747], [80.32553807741532, 26.40555916003369], [80.32499434844829, 26.40586673918429], [80.3246223233656, 26.40632810637296], [80.32422168096885, 26.40676384035734], [80.32390689051425, 26.407250835216182], [80.32339177886128, 26.407763459162883], [80.3228766672083, 26.408327342873754], [80.32250464212561, 26.408839962037693], [80.32227570361317, 26.40925005572899], [80.32201814778668, 26.40960888651317], [80.32147441881966, 26.409685778678853], [80.32095930716669, 26.40973704009419], [80.32047281282777, 26.409916454868462], [80.32118824567911, 26.410275283580017], [80.32178920927424, 26.41058285015878], [80.32253325943965, 26.411069828898185], [80.32316284034884, 26.411403023693413], [80.32364933468776, 26.411736217526283], [80.32430753291099, 26.412197561244646], [80.32490849650614, 26.412556382861144], [80.32556669472937, 26.413017723299514], [80.32622489295261, 26.41342780214024], [80.32696894311802, 26.413863509311224], [80.32734096820072, 26.414042917667977], [80.32777022791154, 26.41429921483643], [80.3281136356802, 26.414658029915568], [80.32839980882072, 26.41483743703656], [80.32885768584558, 26.414683659521348], [80.32920109361422, 26.414504252161176], [80.32951588406884, 26.414273585145207], [80.32988790915152, 26.414068547410448], [80.33025993423422, 26.413709730497633], [80.33091813245748, 26.41329965265911], [80.33120430559802, 26.413017723299514], [80.3318911211353, 26.41276142328375], [80.33229176353206, 26.412479492608703], [80.33283549249907, 26.412146300922608], [80.33323613489584, 26.411864368744226], [80.33372262923477, 26.411556805582016], [80.33429497551583, 26.41117235047615], [80.33495317373908, 26.41081352455473], [80.33541105076395, 26.410429066971872], [80.33609786630123, 26.409993346829168], [80.3365557433261, 26.409506363545866], [80.33689915109476, 26.409326948133852], [80.33755734931799, 26.408865592936102], [80.33807246097096, 26.408583652740408], [80.33858757262394, 26.408276080832106], [80.33893098039259, 26.40801977028219], [80.33938885741746, 26.407686565716073], [80.33978949981422, 26.40743025385661], [80.3394174747315, 26.40696889107474], [80.33904544964881, 26.406481895025912], [80.33881651113637, 26.40619994900558], [80.33844448605366, 26.405918002296364], [80.33815831291314, 26.4055335284008], [80.33784352245853, 26.40522594836203], [80.33747149737584, 26.404867103947264], [80.33709947229312, 26.404636417662804], [80.33692776840881, 26.404251939497282], [80.33672744721042, 26.404021251983067], [80.33704223766502, 26.403841828042104], [80.33741426274773, 26.403406083024073], [80.33778628783043, 26.403149761656685], [80.33807246097096, 26.402919071939262], [80.33855895530988, 26.402560220351152], [80.33895959770663, 26.402175735268532], [80.33927438816124, 26.401945043604126], [80.33958917861582, 26.40171435147859], [80.33924577084717, 26.401176068059144], [80.33893098039259, 26.40089410907558], [80.33858757262394, 26.400586516671606], [80.33841586873962, 26.400535251191215]]]}}, {"type": "Feature", "properties": {"ward_number": 30, "ward_name": "Naubasta East", "zone": "2"}, "geometry": {"type": "Polygon", "coordinates": [[[80.33877687844073, 26.40049446256563], [80.33923475546558, 26.400084337758052], [80.3396640151764, 26.399648578553222], [80.34000742294505, 26.399315349815954], [80.34063700385424, 26.398879587707988], [80.34109488087908, 26.398597623114412], [80.34166722716016, 26.39816185829687], [80.34212510418503, 26.39803369186099], [80.34264021583802, 26.397854258611662], [80.34275468509422, 26.3973159571902], [80.34318394480503, 26.397059622297697], [80.34347011794557, 26.397008355250897], [80.34378490840017, 26.396700752491927], [80.34384214302828, 26.396162445691434], [80.34384214302828, 26.395675404042333], [80.34387076034233, 26.395188360338416], [80.34381352571422, 26.394752582651154], [80.34369905645801, 26.39413736429227], [80.34375629108611, 26.39362467982223], [80.34424278542502, 26.393342702393284], [80.34464342782178, 26.393060724275657], [80.34501545290449, 26.39285564884845], [80.34530162604504, 26.392599304052233], [80.34512992216071, 26.392291689545488], [80.34495821827639, 26.39218915119445], [80.344757897078, 26.391881535594973], [80.34458619319368, 26.391727727487886], [80.34421416811098, 26.391163762675696], [80.34398522959854, 26.390907414123216], [80.34375629108611, 26.390651065001574], [80.34349873525963, 26.390343445304417], [80.34329841406125, 26.39011272999373], [80.34309809286287, 26.38990764933057], [80.34286915435044, 26.389702568303168], [80.34243989463964, 26.389958919530493], [80.34186754835855, 26.390317810292657], [80.34052253459802, 26.391497014943113], [80.33932060740774, 26.39239422780546], [80.33866240918451, 26.392701842039035], [80.33786112439098, 26.393060724275657], [80.33737463005208, 26.393368336733463], [80.3364302586883, 26.393881022341834], [80.33560035658073, 26.394188632614064], [80.33457013327478, 26.394624412430083], [80.33379746579534, 26.39493202072159], [80.33305341562993, 26.395162726402372], [80.33230936546452, 26.395547234845782], [80.33173701918344, 26.395829206890333], [80.3307640305056, 26.396111178246176], [80.33007721496831, 26.39636751524474], [80.32944763405912, 26.396572584433788], [80.32876081852181, 26.396752019675336], [80.32784506447211, 26.397162156323002], [80.32710101430669, 26.39749539127627], [80.32644281608347, 26.397700458461692], [80.32575600054616, 26.397982425246774], [80.32501195038076, 26.398366924298287], [80.32399603573185, 26.398815504906295], [80.32310889899618, 26.399200001182763], [80.32216452763241, 26.399687027961015], [80.32133462552484, 26.40004588848262], [80.32070504461565, 26.40040474788851], [80.32004684639242, 26.40068670806753], [80.31938864816917, 26.401096830734694], [80.31898800577241, 26.40143005432865], [80.31844427680538, 26.40181454189546], [80.31784331321026, 26.402045233820722], [80.31655553407782, 26.40263477775696], [80.31584010122647, 26.402839835811466], [80.31535360688756, 26.4031217900415], [80.31492434717674, 26.40332684723067], [80.31489572986268, 26.4037625925479], [80.31498158180486, 26.404275231991104], [80.31515328568918, 26.40471097372731], [80.31523913763134, 26.405018555138703], [80.31543945882972, 26.40547992571863], [80.31558254539998, 26.406402661344448], [80.31578286659837, 26.406761500984004], [80.31615489168107, 26.40729975835094], [80.31629797825133, 26.407632964034075], [80.31692755916052, 26.407940537656746], [80.31770022663997, 26.408401896553453], [80.3181867209789, 26.408606944359832], [80.31870183263189, 26.409017038879398], [80.31921694428483, 26.409324608812476], [80.31970343862376, 26.409504024228127], [80.320361636847, 26.409785962174713], [80.32047610610321, 26.409837223545544], [80.3210484523843, 26.409657808648042], [80.32162079866538, 26.409555285724196], [80.32207867569024, 26.409580916463707], [80.32242208345887, 26.409452762709257], [80.32265102197132, 26.409093931439546], [80.32293719511185, 26.408683837193283], [80.32308028168214, 26.408478789523564], [80.32325198556644, 26.408196848382683], [80.32345230676484, 26.407889275443246], [80.3235953933351, 26.407556070500295], [80.32382433184752, 26.407427914496786], [80.32405327035997, 26.407094708221486], [80.32419635693023, 26.406915289059345], [80.32456838201294, 26.40655644989804], [80.3248259378394, 26.40622324110621], [80.32545551874861, 26.405531189002527], [80.32574169188915, 26.40542866241196], [80.32608509965779, 26.405326135730277], [80.32617095159995, 26.404992923385738], [80.32628542085617, 26.40473660554289], [80.32631403817022, 26.40448028713075], [80.32642850742644, 26.404095808445014], [80.3264571247405, 26.403736960515936], [80.32654297668266, 26.403378111471046], [80.32668606325292, 26.402993629113247], [80.326714680567, 26.40273730682976], [80.32680053250914, 26.402506616287884], [80.32711532296375, 26.402506616287884], [80.3276304346167, 26.402327189992064], [80.3279452250713, 26.4022246605549], [80.32834586746806, 26.40212213102667], [80.32883236180697, 26.401891439255117], [80.32926162151779, 26.401712012002893], [80.32946194271616, 26.4022246605549], [80.3296908812286, 26.40263477775696], [80.32983396779886, 26.402942364702085], [80.33003428899725, 26.40330121510194], [80.33049216602211, 26.40327558296754], [80.33092142573292, 26.403044893501637], [80.33137930275778, 26.402814203574575], [80.33172271052644, 26.402660410033697], [80.33229505680751, 26.402532248593094], [80.33252399531993, 26.402455351660393], [80.33301048965888, 26.402865468042684], [80.33323942817128, 26.403198686530143], [80.33392624370858, 26.403198686530143], [80.3351567882129, 26.403096157867253], [80.33571482583693, 26.40287828415614], [80.33600099897748, 26.40254506474355], [80.33648749331641, 26.402263109104503], [80.33683090108505, 26.401929887915735], [80.33726016079586, 26.401545400733188], [80.33768942050666, 26.40136597294299], [80.33803282827532, 26.400930218576903], [80.33846208798612, 26.400571360804825], [80.33866240918451, 26.400468829807867], [80.33877687844073, 26.40049446256563]]]}}, {"type": "Feature", "properties": {"ward_number": 39, "ward_name": "Hanspuram", "zone": "2"}, "geometry": {"type": "Polygon", "coordinates": [[[80.34265316174613, 26.38996715940829], [80.34293933488667, 26.38955699720067], [80.34333997728342, 26.389198104073902], [80.34368338505207, 26.388582856118685], [80.34385508893641, 26.388070146985353], [80.34408402744883, 26.387711249237597], [80.34418418804802, 26.387762520412707], [80.34452759581667, 26.38730107901727], [80.34481376895721, 26.387147264809094], [80.34509994209775, 26.38691654311267], [80.34564367106476, 26.386583277626304], [80.34592984420532, 26.386378190695133], [80.34647357317233, 26.385916743768483], [80.34690283288315, 26.385634747516786], [80.34738932722206, 26.385480931089294], [80.34796167350315, 26.38535275057656], [80.34859125441234, 26.38527584220063], [80.34890604486694, 26.385019480577675], [80.34913498337936, 26.38463493707633], [80.34939253920584, 26.384352937694967], [80.3490491314372, 26.384045301220947], [80.34859125441234, 26.383660754476175], [80.34833369858585, 26.38319929669249], [80.34810476007341, 26.382840383808393], [80.34778996961882, 26.382353285967618], [80.34758964842045, 26.382045644167746], [80.34710315408152, 26.382250738792045], [80.34678836362693, 26.381943096719052], [80.34650219048639, 26.381481632073328], [80.34627325197397, 26.381148350904922], [80.34601569614749, 26.38127653608348], [80.34552920180855, 26.381558542975636], [80.3451857940399, 26.38178927537531], [80.34481376895721, 26.38178927537531], [80.34449897850261, 26.381994370454784], [80.34424142267612, 26.382199465170096], [80.34386939759344, 26.382378922747282], [80.34352598982478, 26.38260965350829], [80.3432111993702, 26.38278911044822], [80.34289640891558, 26.382942930460526], [80.34266747040316, 26.383122386882636], [80.34249576651884, 26.383071113647624], [80.34220959337829, 26.382917293806024], [80.34192342023775, 26.38296856710933], [80.34163724709722, 26.38301984038984], [80.34135107395667, 26.383224933284396], [80.34097904887396, 26.383378752716315], [80.34075011036154, 26.38353257194341], [80.3404067025929, 26.383481298890477], [80.34000606019615, 26.383276206451143], [80.33969126974154, 26.38319929669249], [80.339405096601, 26.383276206451143], [80.3390903061464, 26.383353116158553], [80.33886136763398, 26.383224933284396], [80.33886136763398, 26.382994203752435], [80.33871828106372, 26.382814747131142], [80.33857519449343, 26.38268656365955], [80.33840349060911, 26.38245583305218], [80.33811731746857, 26.382584016779845], [80.33783114432802, 26.38276347375957], [80.3376594404437, 26.382917293806024], [80.33731603267508, 26.383045477021593], [80.33705847684858, 26.383122386882636], [80.33680092102209, 26.383224933284396], [80.33640027862535, 26.383378752716315], [80.33608548817075, 26.38353257194341], [80.33577069771614, 26.383583844973593], [80.33534143800534, 26.383583844973593], [80.33511249949291, 26.38373766392754], [80.33499803023669, 26.383865846232705], [80.33465462246805, 26.38414784680332], [80.33445430126967, 26.384199119560385], [80.33405365887292, 26.384327301353405], [80.33385333767453, 26.3841734831847], [80.33371025110426, 26.384019664811117], [80.33356716453399, 26.383917119114933], [80.33342407796373, 26.383660754476175], [80.33299481825291, 26.383558208461352], [80.33288034899671, 26.383327479595117], [80.33270864511238, 26.382891657145848], [80.33259417585616, 26.382558380045676], [80.33222215077345, 26.38250710656029], [80.3317642737486, 26.38250710656029], [80.33150671792211, 26.38253274330583], [80.33116331015346, 26.382737837065246], [80.3307626677567, 26.38278911044822], [80.33041925998806, 26.382814747131142], [80.33007585221941, 26.382660926948155], [80.32961797519455, 26.38268656365955], [80.32916009816968, 26.38268656365955], [80.32884530771508, 26.382712200365248], [80.32835881337617, 26.382712200365248], [80.32801540560752, 26.382712200365248], [80.32764338052482, 26.382737837065246], [80.32729997275618, 26.38276347375957], [80.32698518230158, 26.382840383808393], [80.32667039184697, 26.38309675026798], [80.32626974945022, 26.383173660094904], [80.32586910705348, 26.38309675026798], [80.32549708197077, 26.382814747131142], [80.32526814345833, 26.38276347375957], [80.32480311210497, 26.382827565470482], [80.32445970433633, 26.38295574878564], [80.32388735805525, 26.38310956857602], [80.32320054251795, 26.383135205187855], [80.32265681355092, 26.383186478394396], [80.32254234429472, 26.38305829533531], [80.32257096160875, 26.382801928790407], [80.32268543086498, 26.382494288185406], [80.32294298669147, 26.382289193993536], [80.3231719252039, 26.382058462592425], [80.32365841954281, 26.381879004517366], [80.32408767925362, 26.38167390923307], [80.32463140822065, 26.381853367626764], [80.32506066793145, 26.38182773073044], [80.32543269301415, 26.3814944505606], [80.32551854495632, 26.381212443511984], [80.3254040757001, 26.38075097594743], [80.325346841072, 26.38036641823542], [80.32551854495632, 26.379981859243298], [80.32574748346876, 26.37972548587066], [80.32589057003902, 26.37936656219314], [80.3257761007828, 26.37875126186589], [80.32548992764227, 26.378571798653144], [80.32546131032821, 26.378392335161628], [80.32543269301415, 26.37805904508062], [80.32543269301415, 26.37764884058409], [80.32560439689847, 26.377366824147877], [80.3257761007828, 26.377110444972153], [80.32589057003902, 26.37677715119318], [80.32597642198118, 26.37677715119318], [80.32623397780768, 26.376700237107645], [80.3264629163201, 26.37659768491397], [80.32663462020443, 26.376495132629252], [80.32663462020443, 26.375982369840347], [80.32657738557631, 26.375495243083115], [80.3264629163201, 26.375315774812776], [80.32617674317956, 26.375161944644905], [80.3260336566093, 26.37477736832922], [80.32583333541092, 26.374572260437507], [80.32560439689847, 26.374187682159214], [80.32551854495632, 26.37398257322077], [80.32526098912983, 26.373880018615036], [80.32494619867524, 26.373880018615036], [80.32463140822065, 26.37382874127802], [80.32463140822065, 26.373623631702447], [80.32468864284877, 26.373290327865668], [80.3247601861339, 26.37300830079134], [80.3247029515058, 26.37267499517976], [80.32444539567932, 26.372495522529164], [80.32404475328256, 26.372444244577792], [80.32375858014201, 26.372290410587176], [80.32352964162958, 26.372008381072526], [80.32335793774526, 26.371828907386643], [80.32318623386092, 26.371521237562394], [80.3232720858031, 26.37131612389118], [80.32341517237336, 26.371085370575894], [80.323214851175, 26.37070078069321], [80.32287144340634, 26.37031618953072], [80.32278559146418, 26.370008515679253], [80.32269973952202, 26.369803399323217], [80.3228428260923, 26.36949572410663], [80.32287144340634, 26.369136768652062], [80.32252803563769, 26.369136768652062], [80.32204154129877, 26.369162408364375], [80.32175536815825, 26.369162408364375], [80.32144057770365, 26.36903420974599], [80.32135472576148, 26.36877781208267], [80.32092546605068, 26.368649613037707], [80.32043897171175, 26.368649613037707], [80.32023865051337, 26.368829091660853], [80.31995247737284, 26.36885473144138], [80.31955183497608, 26.369085489210413], [80.3192942791496, 26.369239327467117], [80.31903672332311, 26.368982930258845], [80.31880778481067, 26.368495773996063], [80.31860746361231, 26.368495773996063], [80.31843575972798, 26.368085535550627], [80.31826405584366, 26.367752215741582], [80.31814958658744, 26.36754709538131], [80.31777756150474, 26.367803495774766], [80.31760585762042, 26.3678547757852], [80.31714798059555, 26.36805989559944], [80.3168045728269, 26.36813681543595], [80.31660425162853, 26.368521413850562], [80.3161177572896, 26.368290654955363], [80.31586020146312, 26.36816245537006], [80.31551679369447, 26.36800861568002], [80.31523062055392, 26.36788041578188], [80.31491583009934, 26.368085535550627], [80.31465827427284, 26.36826501504967], [80.31442933576041, 26.368444494270022], [80.31411454530583, 26.36870089267276], [80.31359943365285, 26.36895729050671], [80.31311293931394, 26.369290606840526], [80.31268367960313, 26.369623922213076], [80.31222580257827, 26.369982876154644], [80.31196824675177, 26.37018799219214], [80.31142451778474, 26.37031618953072], [80.31096664075989, 26.370162352707375], [80.31059461567719, 26.369829038887648], [80.3103370598507, 26.369470084468286], [80.31016535596636, 26.369290606840526], [80.30970747894152, 26.36905984948105], [80.30936407117287, 26.369162408364375], [80.30913513266043, 26.369264967156685], [80.30887757683394, 26.369470084468286], [80.30867725563557, 26.369598282603175], [80.30836246518099, 26.36995723662436], [80.30793320547016, 26.37011107372075], [80.30761841501557, 26.37018799219214], [80.30784735352802, 26.370777698772145], [80.30799044009828, 26.371546876745693], [80.30830523055288, 26.372264771568837], [80.3084769344372, 26.37295702306752], [80.30856278637935, 26.37380310260099], [80.30870587294962, 26.374546621925457], [80.30879172489179, 26.375161944644905], [80.30896342877611, 26.37587981700949], [80.30907789803233, 26.376623322970918], [80.30910651534637, 26.377546289232395], [80.30919236728855, 26.37841797282032], [80.30936407117287, 26.37926401236618], [80.30956439237124, 26.380007496549254], [80.30976471356963, 26.38081506877497], [80.3100222693961, 26.382378922747282], [80.31025120790855, 26.383635117981008], [80.31036567716475, 26.384583664512746], [80.31056599836313, 26.38586547177394], [80.3107090849334, 26.386865271561977], [80.31079493687557, 26.388018875946806], [80.31105249270206, 26.389326280318663], [80.31131004852854, 26.390941288812346], [80.31168207361122, 26.392017948592468], [80.31185377749556, 26.39335094202959], [80.31202548137988, 26.39459420088359], [80.31236888914853, 26.395645192770868], [80.31276953154529, 26.397106311936152], [80.31305570468584, 26.39805474781156], [80.3133132605123, 26.399182607357613], [80.3135135817107, 26.40000286192367], [80.31391422410745, 26.40128449801334], [80.31414316261989, 26.40200220800712], [80.31431486650422, 26.402796810294113], [80.31465827427284, 26.403693935333028], [80.3149444474134, 26.403514510883173], [80.31560264563664, 26.403232557612625], [80.31606052266149, 26.403181293307593], [80.31666148625663, 26.402848074769906], [80.31734830179391, 26.402617384449425], [80.31789203076094, 26.402361061330314], [80.31837852509986, 26.401976575584204], [80.31869331555446, 26.401617721065506], [80.31926566183554, 26.401207600249293], [80.31983800811662, 26.401028171933948], [80.32046758902581, 26.400618049022818], [80.32129749113338, 26.400361721463323], [80.32204154129877, 26.40005412764049], [80.3225852702658, 26.399797798828622], [80.32324346848904, 26.399567102411243], [80.32370134551391, 26.39910570819318], [80.32450263030742, 26.398951909710657], [80.32516082853066, 26.398695578451033], [80.32590487869606, 26.398413613407982], [80.32659169423336, 26.397926581256755], [80.32739297902687, 26.397695881099477], [80.32790809067984, 26.397388280172557], [80.32853767158903, 26.397208845920005], [80.32899554861389, 26.39705504491009], [80.32979683340741, 26.39684997657814], [80.33036917968847, 26.39654237339712], [80.33113469283941, 26.39620913569275], [80.33162118717833, 26.39610660082096], [80.33222215077345, 26.395901530804156], [80.33273726242642, 26.395619558936243], [80.33319513945129, 26.39544012193445], [80.33348131259183, 26.39528631856807], [80.3342539800713, 26.395004345197485], [80.3347404744102, 26.39485054125054], [80.3354845245756, 26.394542932741917], [80.33631442668317, 26.394337859947495], [80.33702985953452, 26.393850810600842], [80.3379169962702, 26.393543199428514], [80.33857519449343, 26.39308178113327], [80.33949094854317, 26.392517822934877], [80.34029223333668, 26.392030765910338], [80.3408359623037, 26.391312993918767], [80.34132245664262, 26.391056645697574], [80.34209512412208, 26.39039013765899], [80.342581618461, 26.39010815233069], [80.34265316174613, 26.38996715940829]]]}}, {"type": "Feature", "properties": {"ward_number": 36, "ward_name": "Bingawan", "zone": "3"}, "geometry": {"type": "Polygon", "coordinates": [[[80.30773617754718, 26.37057502566369], [80.307106596638, 26.370677583202454], [80.30619084258826, 26.370677583202454], [80.30527508853854, 26.37057502566369], [80.30464550762936, 26.37057502566369], [80.30407316134827, 26.37057502566369], [80.3036152843234, 26.37057502566369], [80.30315740729854, 26.370677583202454], [80.30252782638935, 26.370882698006987], [80.30195548010828, 26.371087812447488], [80.3014403684553, 26.37113909100072], [80.30098249143045, 26.371344204986173], [80.3006963182899, 26.37165187528173], [80.30035291052126, 26.372062101068305], [80.30012397200882, 26.37231849144541], [80.29989503349638, 26.37283127049316], [80.29972332961206, 26.373344047265515], [80.29949439109963, 26.373856821762452], [80.29937992184341, 26.374369593983943], [80.29932268721531, 26.375087471271236], [80.29932268721531, 26.375651514582444], [80.29932268721531, 26.37621555514018], [80.29943715647151, 26.376677040821253], [80.29978056424017, 26.377394903772487], [80.29995226812449, 26.377805109170616], [80.30006673738072, 26.37831786387015], [80.30046737977746, 26.378728065991265], [80.30046737977746, 26.379343366442072], [80.30046737977746, 26.379753564921984], [80.3000095027526, 26.379804839629568], [80.29966609498396, 26.379958663615763], [80.29932268721531, 26.38021503647091], [80.29903651407479, 26.38021503647091], [80.29829246390938, 26.380266310973642], [80.29789182151261, 26.380061212826078], [80.29726224060342, 26.380061212826078], [80.29691883283478, 26.380112487397103], [80.29646095580992, 26.38021503647091], [80.29617478266938, 26.380522683146065], [80.29594584415695, 26.38088160323157], [80.29594584415695, 26.381496892212226], [80.2956024363883, 26.381855809270785], [80.29571690564451, 26.382471093062357], [80.29571690564451, 26.38293255375526], [80.29583137490073, 26.383035100325536], [80.29594584415695, 26.38324019319297], [80.2963464865537, 26.383496558765184], [80.29668989432234, 26.384111833816945], [80.29668989432234, 26.384522015363917], [80.29668989432234, 26.38488092302259], [80.29646095580992, 26.385188557270908], [80.29640372118182, 26.385496190699815], [80.29600307878505, 26.38595763930679], [80.29577414027263, 26.38636781429851], [80.2956024363883, 26.3869318025335], [80.29531626324776, 26.387239431318974], [80.29520179399154, 26.387547059285012], [80.29503009010722, 26.388059770740707], [80.29491562085099, 26.38831612561496], [80.29468668233856, 26.388777562954502], [80.29468668233856, 26.388931374991273], [80.29491562085099, 26.38898264562467], [80.29514455936344, 26.389136457388297], [80.29554520176019, 26.389341539421082], [80.29577414027263, 26.38949535070666], [80.29606031341316, 26.389751702394022], [80.29606031341316, 26.389956783334146], [80.29606031341316, 26.39046948409094], [80.29594584415695, 26.390930912825734], [80.29571690564451, 26.391392339716568], [80.29554520176019, 26.391853764763418], [80.29548796713208, 26.392007572702592], [80.29525902861964, 26.392520264353433], [80.29537349787587, 26.392776609325168], [80.29491562085099, 26.393032953727708], [80.29457221308235, 26.393032953727708], [80.2942288053137, 26.392930416034993], [80.29411433605749, 26.392930416034993], [80.29388539754505, 26.392930416034993], [80.29348475514831, 26.392981684892725], [80.29325581663588, 26.393032953727708], [80.29285517423911, 26.39313549132938], [80.29268347035479, 26.39313549132938], [80.29262623572669, 26.393545640825394], [80.292797939611, 26.394007057266784], [80.29291240886722, 26.39426339893738], [80.29302687812344, 26.39482734860924], [80.29302687812344, 26.395237492094843], [80.29308411275154, 26.395596366449443], [80.29337028589208, 26.395698901774423], [80.29388539754505, 26.39585270459115], [80.29417157068559, 26.396006507202948], [80.29462944771046, 26.396160309609844], [80.29537349787587, 26.396519181095734], [80.29600307878505, 26.396621715601075], [80.29623201729748, 26.39718565375248], [80.29651819043802, 26.397595788859487], [80.29640372118182, 26.398159722252274], [80.29623201729748, 26.398826185437205], [80.29606031341316, 26.399390112818896], [80.29600307878505, 26.399646442536156], [80.29554520176019, 26.40000530318394], [80.29508732473532, 26.400107834592664], [80.29480115159478, 26.400210365910326], [80.29411433605749, 26.400620490270082], [80.29382816291694, 26.400979347889443], [80.29359922440452, 26.40133820439299], [80.29359922440452, 26.401645794793698], [80.29359922440452, 26.401953384374664], [80.29359922440452, 26.402773619249377], [80.29371369366072, 26.4029786770572], [80.29388539754505, 26.403158102340154], [80.29394263217316, 26.403414423689018], [80.29394263217316, 26.403619480358227], [80.29371369366072, 26.40392706467886], [80.29331305126398, 26.40418338431982], [80.29302687812344, 26.404234648179678], [80.29285517423911, 26.404234648179678], [80.29262623572669, 26.40418338431982], [80.29228282795803, 26.404080856531735], [80.2920538894456, 26.404080856531735], [80.29193942018938, 26.404388439622664], [80.29193942018938, 26.404747285525904], [80.29176771630506, 26.405311183976433], [80.29159601242073, 26.405670027010228], [80.29130983928019, 26.40602886892813], [80.29102366613965, 26.406182657979897], [80.29079472762722, 26.406541498303607], [80.29022238134615, 26.40664402390543], [80.29005067746182, 26.40664402390543], [80.2898789735775, 26.406592761115892], [80.28959280043696, 26.40664402390543], [80.28942109655264, 26.40705412540168], [80.28896321952776, 26.407361700567353], [80.28844810787479, 26.407310438096687], [80.28810470010613, 26.407207913087007], [80.28764682308129, 26.407207913087007], [80.28730341531264, 26.407002862794375], [80.28684553828778, 26.4069003375114], [80.28650213051912, 26.40715665054802], [80.28592978423805, 26.407669274913157], [80.28535743795696, 26.407874324021503], [80.28495679556022, 26.408284421145026], [80.28455615316346, 26.408643254932414], [80.28426998002293, 26.408899564097283], [80.28381210299806, 26.40925839597153], [80.28323975671697, 26.409771010998785], [80.282724645064, 26.40997605637194], [80.28249570655156, 26.410232362575943], [80.28209506415482, 26.410437407129177], [80.28175165638618, 26.410847495142367], [80.28135101398941, 26.41120632095809], [80.28112207547699, 26.411462624428903], [80.28083590233643, 26.41171892733027], [80.28066419845211, 26.411923969241375], [80.28043525993968, 26.412487832617764], [80.28020632142724, 26.41289791334222], [80.27997738291482, 26.413102953157775], [80.27963397514617, 26.413615551102197], [80.27934780200562, 26.413820589642167], [80.27934780200562, 26.41428192502455], [80.27940503663373, 26.414845776875143], [80.27951950588995, 26.415512143690464], [80.27969120977427, 26.415922213663322], [80.27974844440237, 26.416537315889034], [80.27957674051805, 26.416896124005834], [80.27934780200562, 26.41720367293178], [80.27917609812133, 26.417459963076958], [80.27900439423699, 26.418126314789017], [80.27917609812133, 26.418536375467454], [80.27934780200562, 26.419202720960232], [80.27951950588995, 26.419253978146344], [80.27980567903049, 26.41966403481522], [80.28066419845211, 26.420689170108368], [80.28140824861752, 26.420894196073444], [80.28169442175806, 26.421304246909997], [80.28203782952671, 26.421560527942404], [80.28226676803914, 26.42191932043085], [80.28226676803914, 26.422431879192086], [80.28198059489861, 26.42289318012916], [80.28175165638618, 26.42335447922073], [80.28152271787374, 26.423610755696394], [80.28146548324563, 26.424020796872636], [80.28175165638618, 26.424482091452877], [80.28215229878293, 26.424482091452877], [80.28283911432021, 26.42427707186728], [80.28323975671697, 26.424123306938846], [80.28364039911374, 26.424174561937782], [80.28398380688238, 26.42427707186728], [80.28455615316346, 26.424379581705637], [80.28467062241967, 26.424738365422215], [80.28507126481642, 26.42509714802229], [80.2856436110975, 26.425507183912398], [80.28575808035372, 26.425917218344235], [80.28587254960993, 26.426327251317804], [80.28598701886615, 26.42683979048397], [80.28610148812237, 26.42719856654452], [80.28587254960993, 26.42719856654452], [80.2856436110975, 26.42719856654452], [80.28495679556022, 26.42719856654452], [80.2847850916759, 26.427352327371512], [80.2847850916759, 26.427813608622053], [80.2847850916759, 26.4280186219187], [80.28489956093212, 26.428787418533997], [80.2855863764694, 26.428736165585832], [80.2863876612629, 26.42853115356525], [80.286960007544, 26.428479900503145], [80.28758958845319, 26.428428647418244], [80.28839087324668, 26.42817238165194], [80.28896321952776, 26.427864861980378], [80.29010791208994, 26.4277623552409], [80.29022238134615, 26.42704480551242], [80.29022238134615, 26.42596847254569], [80.29022238134615, 26.425353420624496], [80.29022238134615, 26.424072051917115], [80.29016514671804, 26.423662010923156], [80.29022238134615, 26.422739413355167], [80.29010791208994, 26.42238062341847], [80.2898789735775, 26.42202183236537], [80.28959280043696, 26.421611784080536], [80.28924939266831, 26.42120173433756], [80.28890598489966, 26.42084293961634], [80.28856257713102, 26.42027911708466], [80.28816193473426, 26.41966403481522], [80.28793299622181, 26.419151463751323], [80.28844810787479, 26.41879266265108], [80.2891921580402, 26.418638890409227], [80.2898217389494, 26.41838260288391], [80.29108090076775, 26.418126314789017], [80.29216835870182, 26.41787002612463], [80.29359922440452, 26.41735744708723], [80.29491562085099, 26.417101156714274], [80.29571690564451, 26.416896124005834], [80.29588860952884, 26.416793607514926], [80.29600307878505, 26.416793607514926], [80.29548796713208, 26.41607598952729], [80.29537349787587, 26.41566592010113], [80.29525902861964, 26.41530710815731], [80.29485838622288, 26.414743258561856], [80.29485838622288, 26.41417940621016], [80.29440050919801, 26.413564291410264], [80.29428603994181, 26.412795393297767], [80.29485838622288, 26.412795393297767], [80.29531626324776, 26.41253909278805], [80.2956024363883, 26.412385312208873], [80.29606031341316, 26.412077750435547], [80.29674712895044, 26.41161640623804], [80.297033302091, 26.411462624428903], [80.29760564837207, 26.41130884241476], [80.29829246390938, 26.410847495142367], [80.29886481019045, 26.410642451317965], [80.2992654525872, 26.410386146025026], [80.30012397200882, 26.41007857892188], [80.30041014514936, 26.40992479506281], [80.30103972605855, 26.409617226729758], [80.30161207233964, 26.40971974959854], [80.30161207233964, 26.410027317658297], [80.30172654159585, 26.410642451317965], [80.30201271473639, 26.41100127777148], [80.30258506101745, 26.412026490060253], [80.30281399952989, 26.412487832617764], [80.30321464192664, 26.413154213054735], [80.30344358043908, 26.413666810771353], [80.30367251895152, 26.414076887304628], [80.3042448652326, 26.413410512197782], [80.3051033846542, 26.41253909278805], [80.30584743481961, 26.411872708797762], [80.30619084258826, 26.411360103108922], [80.30704936200989, 26.410539929269127], [80.30825128920014, 26.40941218071884], [80.30905257399365, 26.408643254932414], [80.30968215490286, 26.408028110613635], [80.31042620506825, 26.40715665054802], [80.31105578597743, 26.406541498303607], [80.31174260151474, 26.40582381654025], [80.31242941705204, 26.405106130313225], [80.312944528705, 26.40454223086067], [80.31345964035798, 26.404080856531735], [80.31391751738283, 26.403670744468588], [80.3143753944077, 26.403465687890467], [80.31414645589527, 26.40236350254071], [80.31408922126715, 26.401850854605424], [80.31380304812662, 26.40118440888525], [80.31374581349851, 26.399902771684147], [80.31363134424231, 26.399185048635257], [80.31334517110177, 26.398672386582227], [80.3128300594488, 26.397595788859487], [80.31254388630825, 26.39646791380889], [80.31237218242393, 26.395750169402756], [80.3122004785396, 26.39482734860924], [80.31202877465527, 26.39359690940995], [80.31197154002716, 26.39257153339332], [80.31145642837419, 26.391494878775216], [80.31117025523366, 26.390366944121713], [80.31099855134933, 26.389444080300915], [80.31082684746501, 26.388059770740707], [80.31054067432449, 26.386521629544816], [80.31054067432449, 26.38523982956595], [80.31036897044015, 26.384316924772513], [80.31008279729961, 26.38329146635295], [80.3100255626715, 26.382471093062357], [80.3100255626715, 26.38165071394529], [80.30979662415908, 26.3809841516226], [80.30939598176231, 26.379804839629568], [80.30956768564663, 26.3788818914112], [80.30945321639042, 26.37831786387015], [80.30916704324987, 26.377292352195383], [80.30916704324987, 26.37683086897199], [80.30905257399365, 26.37575406761591], [80.30876640085312, 26.375036194470056], [80.3085946969688, 26.374113208157627], [80.3085374623407, 26.37339532481761], [80.30830852382825, 26.37262615914711], [80.30802235068772, 26.37180571012234], [80.3078506468034, 26.371036533871486], [80.30773617754718, 26.37057502566369]]]}}, {"type": "Feature", "properties": {"ward_number": 81, "ward_name": "Tarauli", "zone": "3"}, "geometry": {"type": "Polygon", "coordinates": [[[80.29043837395042, 26.427635340300622], [80.2910107202315, 26.427532833357052], [80.29186923965311, 26.426815282199968], [80.2924988205623, 26.426302742924822], [80.29284222833095, 26.42584145562899], [80.29330010535581, 26.425533929739725], [80.29370074775257, 26.425123893944725], [80.29484544031472, 26.426405250962144], [80.29536055196769, 26.426917789781555], [80.29558949048013, 26.427430326322316], [80.29593289824878, 26.427789100545063], [80.29690588692661, 26.42768659373821], [80.29747823320768, 26.42727656559934], [80.29810781411688, 26.42676402837499], [80.29862292576986, 26.42661026676334], [80.29925250667904, 26.42635399695488], [80.29925250667904, 26.425687692786898], [80.2989663335385, 26.425226403030184], [80.29850845651363, 26.424662601932287], [80.2982222833731, 26.42389377781023], [80.29793611023256, 26.423483736182273], [80.297649937092, 26.422509881471704], [80.29736376395148, 26.421997323057226], [80.29730652932336, 26.42138224995242], [80.29707759081093, 26.42071591705329], [80.29702035618283, 26.42020335066473], [80.29776440634824, 26.41969078199792], [80.29856569114175, 26.418973182037007], [80.29942421056337, 26.418204319981008], [80.29993932221632, 26.417691742429337], [80.30051166849742, 26.416974130029857], [80.30159912643147, 26.41600022034605], [80.30222870734066, 26.415436374138828], [80.30274381899362, 26.414975043373644], [80.30343063453091, 26.414359932816584], [80.30388851155578, 26.413847338180016], [80.30365957304335, 26.412873402095084], [80.30325893064659, 26.412565841623064], [80.30291552287794, 26.4117969368555], [80.3026293497374, 26.41123307010215], [80.30234317659688, 26.41061793959161], [80.30205700345633, 26.41015658955631], [80.30194253420012, 26.40943893027889], [80.30119848403471, 26.409643976242226], [80.30011102610065, 26.410054067075706], [80.29930974130716, 26.4104641564515], [80.29856569114175, 26.41066920059276], [80.29782164097634, 26.41118180935155], [80.29724929469525, 26.41154063412746], [80.29644800990175, 26.411848197332798], [80.29593289824878, 26.412258280331045], [80.2954177865958, 26.41251458146466], [80.2946737364304, 26.41261710175867], [80.29484544031472, 26.4136422996876], [80.29518884808337, 26.414359932816584], [80.29547502122392, 26.415077561480935], [80.29616183676121, 26.416153996106], [80.29639077527365, 26.416615322155746], [80.29558949048013, 26.4167178388051], [80.29495990957095, 26.417025388206472], [80.29358627849636, 26.417332936787748], [80.29278499370284, 26.417486710770838], [80.29186923965311, 26.417640484548897], [80.29078178171906, 26.41794803148995], [80.28992326229745, 26.418153062328347], [80.28906474287582, 26.41846060790255], [80.2881489888261, 26.4187681526566], [80.28849239659473, 26.41953701095361], [80.28923644676014, 26.42051089077125], [80.28969432378501, 26.42117722485507], [80.29015220080987, 26.421894811100927], [80.29055284320663, 26.422304858379306], [80.2903811393223, 26.423329970195834], [80.29043837395042, 26.424047543044757], [80.29061007783474, 26.425226403030184], [80.29055284320663, 26.42584145562899], [80.29049560857852, 26.426815282199968], [80.29043837395042, 26.427532833357052], [80.29043837395042, 26.427635340300622]]]}}, {"type": "Feature", "properties": {"ward_number": 88, "ward_name": "Karrhi", "zone": "3"}, "geometry": {"type": "Polygon", "coordinates": [[[80.29913803742282, 26.4257924386313], [80.29988208758822, 26.425382403755687], [80.30142742254715, 26.4247160939726], [80.3026293497374, 26.424152290379265], [80.30314446139037, 26.4238447599845], [80.30428915395254, 26.423229696734246], [80.30543384651469, 26.422665885872657], [80.30634960056442, 26.422102072254216], [80.30720811998604, 26.421692024254714], [80.30806663940767, 26.42123071851233], [80.30806663940767, 26.420461871507452], [80.3075515277547, 26.41943673419374], [80.30680747758929, 26.41856536031215], [80.30652130444875, 26.41784775334842], [80.30577725428334, 26.416822592797622], [80.30549108114279, 26.41600245779622], [80.30503320411795, 26.415233575936053], [80.3046897963493, 26.414464688950563], [80.30423191932444, 26.41354201780263], [80.30411745006822, 26.413234459113248], [80.30343063453091, 26.413798316084023], [80.30297275750605, 26.414208392149757], [80.30199976882822, 26.41513105796746], [80.30142742254715, 26.415694905667202], [80.30068337238174, 26.416361267576907], [80.29993932221632, 26.417130141919642], [80.29919527205094, 26.41784775334842], [80.29856569114175, 26.41841158776723], [80.29805057948877, 26.419026676716673], [80.29730652932336, 26.419693019376492], [80.29690588692661, 26.42010307448425], [80.29713482543903, 26.420974436746945], [80.29742099857958, 26.421897048436723], [80.29787887560444, 26.42271714151946], [80.29827951800121, 26.423690994479525], [80.29845122188553, 26.424152290379265], [80.29879462965418, 26.424664839214394], [80.2989663335385, 26.425177385771025], [80.29925250667904, 26.42568993004911], [80.29913803742282, 26.4257924386313]]]}}, {"type": "Feature", "properties": {"ward_number": 83, "ward_name": "Naubasti West", "zone": "3"}, "geometry": {"type": "Polygon", "coordinates": [[[80.3035346561832, 26.42343583683519], [80.30387806395186, 26.424102154016932], [80.30462211411727, 26.42538352238977], [80.30502275651403, 26.426101082458132], [80.30542339891076, 26.426921145639074], [80.30605297981997, 26.42784370974493], [80.30673979535726, 26.42753618919663], [80.30782725329132, 26.427126160522842], [80.3085713034567, 26.42686989186114], [80.30925811899401, 26.426562368715167], [80.31011663841564, 26.426152336577832], [80.31068898469671, 26.42579355726139], [80.31137580023399, 26.425639794355433], [80.31223431965562, 26.425024740680836], [80.31246325816805, 26.423897133755734], [80.31246325816805, 26.422718260179394], [80.31263496205239, 26.421129324549877], [80.3127494313086, 26.420309220174648], [80.31292113519292, 26.418874023484058], [80.3128066659367, 26.4179513876085], [80.31286390056482, 26.416874969758187], [80.31315007370536, 26.416003576521266], [80.31326454296158, 26.414824622251455], [80.31320730833346, 26.41364565593146], [80.31297836982102, 26.412569197898225], [80.31292113519292, 26.411697772133138], [80.31292113519292, 26.410570034901017], [80.31252049279617, 26.40949354816854], [80.3128066659367, 26.408468313370875], [80.3127494313086, 26.407084231943152], [80.31263496205239, 26.406264027707056], [80.3127494313086, 26.405546344217957], [80.31315007370536, 26.40475176086269], [80.31360795073023, 26.40423912353636], [80.31389412387075, 26.40357269160761], [80.31435200089561, 26.402906255830334], [80.31366518535833, 26.403265106342452], [80.31320730833346, 26.403829012035636], [80.31217708502751, 26.404803024470063], [80.31103239246535, 26.405725765508702], [80.3098876999032, 26.4068022873946], [80.30931535362211, 26.407571225449775], [80.3085713034567, 26.40823763428592], [80.3077700186632, 26.409057824492695], [80.3069687338697, 26.40982674751621], [80.30639638758862, 26.41049314332465], [80.305537868167, 26.411210796044376], [80.30496552188592, 26.411825923393803], [80.30433594097673, 26.41264608809087], [80.30382082932375, 26.413261207787016], [80.30456487948916, 26.414337659362584], [80.30519446039834, 26.415516618609708], [80.30593851056375, 26.416798082384453], [80.30639638758862, 26.41823330490916], [80.3069114992416, 26.419053424047178], [80.30748384552267, 26.419873537353077], [80.30794172254753, 26.420386105207594], [80.30822789568805, 26.421206209036022], [80.30719767238213, 26.42141123408182], [80.30662532610104, 26.4216162587631], [80.30565233742321, 26.42218007475696], [80.30445041023295, 26.422846399195457], [80.30399253320809, 26.423153932252976], [80.3035346561832, 26.42343583683519]]]}}, {"type": "Feature", "properties": {"ward_number": 58, "ward_name": "Basant Nagar", "zone": "3"}, "geometry": {"type": "Polygon", "coordinates": [[[80.31252049279617, 26.425050367982802], [80.31223431965562, 26.425665421520662], [80.31211985039941, 26.426177963629147], [80.31211985039941, 26.426485487800505], [80.31292113519292, 26.426331725817366], [80.31360795073023, 26.42628047177741], [80.31435200089561, 26.425870438637485], [80.31543945882967, 26.425767930124657], [80.31618350899508, 26.425460404039267], [80.3170992630448, 26.42510162256959], [80.31795778246642, 26.42489660408563], [80.3185301287475, 26.42484534940768], [80.31938864816912, 26.42484534940768], [80.3191597096567, 26.424025271461712], [80.31910247502859, 26.423307698474165], [80.31898800577237, 26.42253886531768], [80.31887353651615, 26.421667514876447], [80.31887353651615, 26.420283591818947], [80.3185301287475, 26.419412224336124], [80.3184156594913, 26.418387077691758], [80.31807225172264, 26.417259405858], [80.31812948635074, 26.416490532376965], [80.31790054783832, 26.415619136235616], [80.31790054783832, 26.414542696618984], [80.31761437469777, 26.4136712857622], [80.31761437469777, 26.41279986832243], [80.31755714006967, 26.412030965114734], [80.31738543618533, 26.411415838858634], [80.31732820155723, 26.410851970242547], [80.31715649767291, 26.41039062114312], [80.3170420284167, 26.409672963321476], [80.31675585527614, 26.409109086187026], [80.31646968213562, 26.408391420393794], [80.31629797825128, 26.4080325858232], [80.31618350899508, 26.407417438248682], [80.31566839734211, 26.406340922101876], [80.31561116271399, 26.406033344215224], [80.31538222420156, 26.405315659291364], [80.31515328568914, 26.4046492335796], [80.3150388164329, 26.403829012035636], [80.31486711254858, 26.403675219847155], [80.31458093940805, 26.402496139593], [80.31423753163939, 26.403111313402466], [80.31372241998643, 26.404187859678462], [80.31326454296158, 26.40475176086269], [80.31286390056482, 26.405623239091003], [80.31269219668049, 26.406392185003266], [80.31257772742427, 26.40746870067182], [80.31257772742427, 26.408340158380618], [80.3127494313086, 26.409109086187026], [80.3128066659367, 26.409672963321476], [80.3128066659367, 26.410595665415087], [80.31297836982102, 26.411620881308426], [80.31297836982102, 26.41264608809087], [80.31315007370536, 26.413620026095025], [80.31320730833346, 26.413978843286863], [80.31320730833346, 26.41474773351092], [80.31320730833346, 26.415260324146253], [80.31292113519292, 26.41654179076851], [80.31292113519292, 26.41766946961875], [80.31286390056482, 26.418438335240403], [80.31257772742427, 26.41997605110624], [80.3128066659367, 26.42105244001246], [80.31263496205239, 26.422487609591645], [80.31246325816805, 26.423410209174378], [80.31240602353995, 26.424435311163833], [80.31223431965562, 26.425204131674864], [80.3120053811432, 26.425870438637485], [80.31194814651508, 26.42663924957856], [80.31252049279617, 26.425050367982802]]]}}, {"type": "Feature", "properties": {"ward_number": 48, "ward_name": "Pashupant Nagar", "zone": "2"}, "geometry": {"type": "Polygon", "coordinates": [[[80.3190556880044, 26.42183175801979], [80.31979973816979, 26.421319196591035], [80.32111613461628, 26.420704119869146], [80.32226082717844, 26.420550350176065], [80.32317658122817, 26.420140296658737], [80.32420680453411, 26.419525213648864], [80.32529426246816, 26.419166413711434], [80.32638172040221, 26.419012641967964], [80.32786982073301, 26.418346295376928], [80.32895727866706, 26.417936234022637], [80.32981579808869, 26.417474913256353], [80.33050261362598, 26.417167365053665], [80.33153283693193, 26.416757299507733], [80.33067431751032, 26.416398490959065], [80.3298730327168, 26.415732129264413], [80.32930068643572, 26.415373317526566], [80.32878557478274, 26.414963245602273], [80.32798428998925, 26.41429687561589], [80.32735470908005, 26.41414309738004], [80.32672512817086, 26.413476722655677], [80.32598107800546, 26.41291286411294], [80.3248936200714, 26.41234900281404], [80.32386339676546, 26.411682617725695], [80.3227759388314, 26.411067489612176], [80.3219746540379, 26.410606141374604], [80.32111613461628, 26.41009353005796], [80.32014314593843, 26.409580916463707], [80.31917015726061, 26.409222085592557], [80.31854057635142, 26.40886325360539], [80.31791099544223, 26.4085044205022], [80.31728141453304, 26.408196848382683], [80.31623901273755, 26.407902295756738], [80.31668562572777, 26.409094340951256], [80.31712660670068, 26.41021411677444], [80.31723780272077, 26.411244380231157], [80.31736117723042, 26.411951939994786], [80.31756758767358, 26.412605303746133], [80.3175441451494, 26.41367167330994], [80.3176013797775, 26.415209452727808], [80.31783031828992, 26.416029593367902], [80.31805925680237, 26.416900986408265], [80.31817372605857, 26.41777237286508], [80.3182881953148, 26.418438722772112], [80.31865504560764, 26.419063899238576], [80.31865504560764, 26.420037783051573], [80.31888398412008, 26.421011658640193], [80.31899845337628, 26.42198552600415], [80.3190556880044, 26.42183175801979]]]}}, {"type": "Feature", "properties": {"ward_number": 80, "ward_name": "Barra East", "zone": "3"}, "geometry": {"type": "Polygon", "coordinates": [[[80.30408758360203, 26.436528589232356], [80.30340076806473, 26.437348578227088], [80.30291427372582, 26.43773294605978], [80.30262810058528, 26.438194185766626], [80.30337215075069, 26.438796357049686], [80.30405896628797, 26.43915509589271], [80.304602695255, 26.438719484295156], [80.30520365885013, 26.438155749194912], [80.30563291856093, 26.437515137778682], [80.3060335609577, 26.436823273448994], [80.30646282066851, 26.436310778674844], [80.30697793232147, 26.435593282161957], [80.30743580934634, 26.434952656500553], [80.30806539025554, 26.434388902972763], [80.30840879802417, 26.433850772032798], [80.30835156339607, 26.433530454804153], [80.3081512421977, 26.43281294098144], [80.30795092099932, 26.432249176987128], [80.30772198248688, 26.43142915170919], [80.30743580934634, 26.43055786845903], [80.30709240157769, 26.429584073503374], [80.30680622843715, 26.428917788004306], [80.3064055860404, 26.4283027518178], [80.3060335609577, 26.427636458912822], [80.30569015318905, 26.42722643059564], [80.30537536273447, 26.426765146995663], [80.30508918959391, 26.426226980462896], [80.30480301645338, 26.425586302743678], [80.30465992988312, 26.42525314892267], [80.3042879048004, 26.424740602702848], [80.30414481823014, 26.424330564086443], [80.30385864508959, 26.423920524011816], [80.30380141046149, 26.42376675860788], [80.30302874298204, 26.424253681683535], [80.30208437161826, 26.424638093185447], [80.30151202533717, 26.424945621464172], [80.30082520979988, 26.425304403419307], [80.30016701157665, 26.425714438572342], [80.29953743066744, 26.426150099324577], [80.29890784975827, 26.42630386154997], [80.29842135541935, 26.426457623570258], [80.29790624376636, 26.42679077391072], [80.29759145331178, 26.426944535281642], [80.2980779476507, 26.427533951970243], [80.29847859004745, 26.427815845842993], [80.29859305930367, 26.42850776424458], [80.29919402289879, 26.42876402926531], [80.2994515787253, 26.429327810305637], [80.29979498649392, 26.429891588588653], [80.29999530769231, 26.430327233555108], [80.30022424620475, 26.430583494530985], [80.30045318471717, 26.43089100694999], [80.30045318471717, 26.4313010222325], [80.29996669037826, 26.431506029326837], [80.29965189992366, 26.431659784408296], [80.29965189992366, 26.43240293107725], [80.30025286351879, 26.43317169845116], [80.3006821232296, 26.433761083298496], [80.30076797517177, 26.43386358470342], [80.30116861756852, 26.43432483989738], [80.30188405041987, 26.43465796750049], [80.3023705447588, 26.435144844572907], [80.30277118715554, 26.43555484472269], [80.30320044686636, 26.435939218538362], [80.30362970657717, 26.436272341474886], [80.30394449703175, 26.43668233761333], [80.30408758360203, 26.436528589232356]]]}}, {"type": "Feature", "properties": {"ward_number": 24, "ward_name": "Usmanpur", "zone": "3"}, "geometry": {"type": "Polygon", "coordinates": [[[80.30823834329196, 26.43400330371596], [80.3084672818044, 26.434925811139447], [80.30858175106061, 26.436514556614235], [80.30858175106061, 26.437590791104274], [80.30863898568872, 26.43835952387169], [80.30869622031683, 26.439538237487632], [80.30869622031683, 26.440409452845135], [80.30869622031683, 26.44107567190885], [80.30869622031683, 26.441998122714217], [80.30961197436655, 26.441639392723086], [80.31012708601952, 26.441126919369594], [80.31087113618493, 26.440768186665807], [80.31167242097844, 26.44020446158894], [80.31235923651573, 26.439845726013086], [80.31304605205302, 26.43964073375395], [80.31413350998707, 26.438820761070453], [80.31487756015247, 26.438308275180077], [80.31585054883031, 26.437744538068042], [80.3164228951114, 26.437078299743572], [80.31733864916113, 26.436463307102088], [80.31791099544219, 26.436104559878892], [80.3185978109795, 26.435643311808], [80.31917015726057, 26.435028311508454], [80.319914207426, 26.43466955981808], [80.32060102296327, 26.43431080701092], [80.32123060387246, 26.43400330371596], [80.32174571552544, 26.433952053087033], [80.32117336924435, 26.433132039924665], [80.32094443073193, 26.432568277491168], [80.3207727268476, 26.431645751197347], [80.32054378833516, 26.430774469584463], [80.32048655370706, 26.429954433814917], [80.32025761519463, 26.429339403159343], [80.32025761519463, 26.428724369222277], [80.32008591131031, 26.42831434477458], [80.31979973816978, 26.427904318868485], [80.31974250354166, 26.427391784435034], [80.31974250354166, 26.42667423240004], [80.31962803428544, 26.425956675898938], [80.31945633040112, 26.425495387218444], [80.31945633040112, 26.42503409669234], [80.31899845337625, 26.42503409669234], [80.31831163783896, 26.42518786040611], [80.31756758767357, 26.4252391149318], [80.3165373643676, 26.425597895973606], [80.31585054883031, 26.42590542169224], [80.31487756015247, 26.42611043838226], [80.3143052138714, 26.426264200660555], [80.31361839833411, 26.426366708732125], [80.31287434816869, 26.426571724601867], [80.31241647114383, 26.42662297851234], [80.3121875326314, 26.42646921671258], [80.31247370577194, 26.425751658935464], [80.31247370577194, 26.425085351286377], [80.31178689023466, 26.425597895973606], [80.31127177858168, 26.42590542169224], [80.31041325916006, 26.42621294659057], [80.30949750511033, 26.426571724601867], [80.30892515882925, 26.426879247722905], [80.30800940477953, 26.42744303798091], [80.30720811998602, 26.427699305368535], [80.30652130444871, 26.427904318868485], [80.30634960056439, 26.427955572186484], [80.30652130444871, 26.428365597910293], [80.3070936507298, 26.429903181385615], [80.3070936507298, 26.430671965432303], [80.30749429312655, 26.431338240791888], [80.30806663940764, 26.432260769547], [80.30806663940764, 26.433183290918237], [80.3084100471763, 26.434054554322092], [80.30823834329196, 26.43400330371596]]]}}, {"type": "Feature", "properties": {"ward_number": 55, "ward_name": "Kidwai Nagar South", "zone": "3"}, "geometry": {"type": "Polygon", "coordinates": [[[80.32189634460032, 26.43352891415148], [80.3226403947657, 26.43317015779368], [80.32349891418733, 26.432606395546664], [80.32452913749327, 26.432145133475277], [80.32538765691488, 26.43183762440214], [80.32596000319596, 26.431530114508597], [80.32680398534683, 26.4310659170435], [80.32744810352679, 26.43081258823317], [80.32839856413534, 26.430312265641096], [80.32875559471981, 26.430681117539745], [80.3293279410009, 26.43155239985828], [80.33025351968745, 26.43277028436759], [80.33088310059664, 26.432565279521928], [80.33175331652677, 26.432104576016272], [80.33292077814872, 26.431418474861744], [80.33259031480306, 26.43027110005217], [80.33241861091874, 26.42924604995242], [80.3316739367961, 26.42898866851247], [80.33311337922117, 26.428568729646923], [80.33408636789903, 26.42820995785053], [80.33505935657685, 26.428004944894152], [80.33637575302335, 26.42769742477594], [80.33550928083656, 26.42699090764806], [80.33476523067114, 26.426222099052048], [80.33425011901818, 26.425350776445452], [80.33384947662141, 26.424838230659606], [80.33299095719981, 26.423864387389266], [80.33218967240629, 26.42309555794469], [80.3315600914971, 26.422019188109918], [80.33116835435378, 26.421596939983992], [80.33126265432192, 26.420441149331772], [80.33125702230461, 26.41937695478754], [80.33144562224088, 26.418790018321555], [80.33206393911543, 26.418675303373355], [80.33268225598998, 26.418270287054362], [80.33316266108413, 26.417764866146385], [80.3323041416625, 26.417149770467294], [80.33196073389385, 26.416790963139604], [80.3315600914971, 26.416534671507833], [80.33151503535855, 26.416717416645902], [80.33043320944182, 26.417073292760175], [80.32934575150777, 26.417380841213692], [80.32831552820183, 26.417790904542677], [80.32745700878021, 26.418149708759533], [80.32566964236436, 26.418947540710093], [80.32485290761828, 26.419087687545836], [80.32437014196985, 26.41948110688162], [80.32373348471705, 26.419584914464068], [80.32283789995542, 26.420067220884786], [80.32186491127759, 26.420477274661952], [80.32037681094677, 26.421092352593774], [80.3190031798722, 26.421758683317712], [80.31879676942904, 26.422172955844335], [80.31908294256958, 26.42350560095309], [80.31936911571012, 26.424376937504253], [80.31936911571012, 26.425402030898702], [80.31965528885064, 26.426888400131457], [80.31976975810686, 26.427913471195666], [80.32011316587551, 26.428682268512212], [80.32039933901605, 26.42996358597933], [80.32086939453048, 26.430965525371487], [80.3210983330429, 26.432195566048264], [80.3213723276939, 26.43319244282627], [80.32189634460032, 26.43352891415148]]]}}, {"type": "Feature", "properties": {"ward_number": 79, "ward_name": "Juhikala", "zone": "3"}, "geometry": {"type": "Polygon", "coordinates": [[[80.31219275643339, 26.44006230968257], [80.31270786808636, 26.440779778368736], [80.31362362213609, 26.441650984338334], [80.31408149916095, 26.442522183720094], [80.31465384544204, 26.443547115734752], [80.31482554932636, 26.44416207056664], [80.3151117224669, 26.445033250959032], [80.31534066097933, 26.445648197857526], [80.31471108007014, 26.445750688688097], [80.31402426453285, 26.44569944328421], [80.3136808567642, 26.44569944328421], [80.3129368065988, 26.44569944328421], [80.31230722568961, 26.44569944328421], [80.31219275643339, 26.446468121948815], [80.31219275643339, 26.446878081805856], [80.31232176296038, 26.447616497121484], [80.31232176296038, 26.44787271964855], [80.31300857849767, 26.44782147518873], [80.31369539403495, 26.447718986200716], [80.31472561734091, 26.447667741672497], [80.31558413676252, 26.44756525254767], [80.31627095229983, 26.44756525254767], [80.31712947172144, 26.447667741672497], [80.31787352188685, 26.447616497121484], [80.31861757205226, 26.44756525254767], [80.31930438758954, 26.447616497121484], [80.31964779535818, 26.447616497121484], [80.3195187888312, 26.446621857066187], [80.31963325808742, 26.44569944328421], [80.31963325808742, 26.44498200523597], [80.31986219659986, 26.444418300777727], [80.32032007362471, 26.44395708598742], [80.32066348139337, 26.443547115734752], [80.3207779506496, 26.443342130061296], [80.32043454288095, 26.442880910962433], [80.31986219659986, 26.44216345536074], [80.31957602345932, 26.44190722013448], [80.31894644255014, 26.441087263580844], [80.31843133089717, 26.440523540065122], [80.31791621924418, 26.439857317808787], [80.31734387296311, 26.439088595033937], [80.31677152668203, 26.43847361312143], [80.31642811891338, 26.438217369689184], [80.31637088428528, 26.438114872156724], [80.31614194577286, 26.43770488111516], [80.31602747651662, 26.43744863597343], [80.31556959949177, 26.437858627926694], [80.3151117224669, 26.437961125687085], [80.31459661081392, 26.438319867130453], [80.31373809139231, 26.43883235296928], [80.31316574511123, 26.43919109170024], [80.31247892957394, 26.43949858115208], [80.31190658329285, 26.439857317808787], [80.31202105254907, 26.44011355759403], [80.31219275643339, 26.44006230968257]]]}}, {"type": "Feature", "properties": {"ward_number": 25, "ward_name": "Juhi Hamirpur Road", "zone": "3"}, "geometry": {"type": "Polygon", "coordinates": [[[80.32079008012705, 26.443537930035486], [80.32027496847407, 26.443999146503927], [80.31993156070543, 26.444460361125838], [80.31987432607731, 26.444870328128466], [80.31981709144921, 26.44522904805889], [80.31958815293677, 26.445843993912128], [80.32061837624272, 26.445946484568505], [80.32185736877302, 26.44610819373358], [80.3224297150541, 26.446210684154877], [80.32305929596328, 26.446261929331342], [80.32345993836005, 26.446364419615854], [80.32388075004488, 26.446356446282078], [80.32428139244163, 26.4459977298625], [80.32485373872271, 26.445741503164577], [80.32525438111946, 26.4454852758967], [80.32588396202866, 26.44522904805889], [80.32657077756595, 26.444921573901198], [80.32708588921892, 26.44466534480954], [80.3277154701281, 26.444460361125838], [80.32725759310325, 26.443640422743602], [80.32697141996272, 26.443230451364023], [80.32651354293785, 26.44261549155907], [80.32617013516919, 26.442051775520884], [80.32582672740054, 26.441436809424335], [80.32565502351622, 26.441078077685454], [80.32531161574757, 26.440411858635628], [80.32491097335081, 26.439796883785835], [80.32445309632597, 26.438874415356736], [80.32405245392921, 26.438259432301116], [80.32365181153246, 26.437388200687135], [80.32307946525137, 26.436414463441118], [80.3226788228546, 26.435799467256906], [80.32239264971408, 26.43513321768701], [80.32222094582974, 26.43441571384261], [80.32193477268922, 26.43374945627301], [80.32153413029246, 26.433851957688265], [80.32107625326759, 26.434056960245275], [80.32067561087084, 26.434261962437642], [80.32004602996165, 26.434671965728413], [80.31975985682111, 26.434774466323187], [80.31958815293677, 26.434876966826796], [80.31901580665571, 26.435235717871546], [80.31855792963084, 26.43544071796711], [80.31804281797787, 26.435850717064284], [80.31758494095301, 26.43610696575925], [80.31718429855626, 26.436414463441118], [80.31666918690327, 26.43682445907388], [80.31626854450651, 26.437131954841206], [80.31575343285355, 26.437439449787945], [80.31609684062221, 26.43784944177391], [80.31644024839083, 26.438156934806084], [80.3168981254157, 26.438515675639827], [80.3175277063249, 26.439284402236968], [80.31792834872165, 26.439796883785835], [80.3182717564903, 26.440206867383733], [80.3188441027714, 26.440924335169726], [80.31907304128381, 26.44118057258197], [80.31947368368056, 26.441693045696795], [80.31987432607731, 26.44215426955117], [80.32021773384596, 26.442512997939126], [80.3204466723584, 26.442922971871877], [80.32084731475516, 26.443332944345695], [80.32073284549894, 26.4434354372362], [80.32079008012705, 26.443537930035486]]]}}, {"type": "Feature", "properties": {"ward_number": 23, "ward_name": "Kidwai Nagar Sabzi Mandi", "zone": "3"}, "geometry": {"type": "Polygon", "coordinates": [[[80.32758646360111, 26.44431377782601], [80.3270286545908, 26.44462922705989], [80.3262273697973, 26.444936701997893], [80.32554055425999, 26.445192930485984], [80.32502544260701, 26.445602894881446], [80.32462480021027, 26.445756631153593], [80.32437867211725, 26.445800823830904], [80.32405808594652, 26.446364419615854], [80.32460463092221, 26.446617714237206], [80.32586379274058, 26.446720204205164], [80.32655060827787, 26.446873938986087], [80.32769765962118, 26.44703271616873], [80.32844170978659, 26.44718645053257], [80.32947520632868, 26.44738849869381], [80.33010478723787, 26.447439743346273], [80.33061989889083, 26.447029785488272], [80.33130671442814, 26.446824806012117], [80.3318218260811, 26.446568581153954], [80.33239417236219, 26.446209865395016], [80.33279481475896, 26.44600488445975], [80.33222246847787, 26.44569741237295], [80.33233693773407, 26.445287448313863], [80.33239417236219, 26.444928728565287], [80.33268034550272, 26.444467515818605], [80.33285204938706, 26.443903808842737], [80.33308098789948, 26.443647577487287], [80.33296651864327, 26.443288852632218], [80.33256587624652, 26.442878880001484], [80.33222246847787, 26.442520152752802], [80.33187906070921, 26.44216142438714], [80.3318218260811, 26.441956436248095], [80.33153565294057, 26.441546458875866], [80.33142118368434, 26.44149521160176], [80.33142118368434, 26.441187727478397], [80.331764591453, 26.440675252115884], [80.33216523384975, 26.44026527018462], [80.33256587624652, 26.439701542647153], [80.33285204938706, 26.4392403089741], [80.33319545715571, 26.438984067246835], [80.33348163029623, 26.43857407929794], [80.33422568046163, 26.438522830701768], [80.33491249599894, 26.438112841111757], [80.33542760765191, 26.438010343486322], [80.33611442318922, 26.43795909463942], [80.3362288924454, 26.437805347961927], [80.33634336170164, 26.437241608389442], [80.33645783095784, 26.436575367157204], [80.33640059632974, 26.435755372660495], [80.33640059632974, 26.435191623059417], [80.33645783095784, 26.434525369975443], [80.33640059632974, 26.434012864982147], [80.33634336170164, 26.43370536089225], [80.33571378079246, 26.433551608539602], [80.33514143451137, 26.433449106857232], [80.33428291508974, 26.433449106857232], [80.33336716104002, 26.433859113039766], [80.33241434165028, 26.43421493624653], [80.33153565294057, 26.434679121029], [80.33061989889083, 26.435242873137117], [80.32986222590964, 26.435844855134377], [80.32895537711335, 26.43669088312223], [80.32807904718483, 26.437431475836505], [80.32727776239132, 26.43809771211901], [80.32681988536645, 26.438558950365778], [80.32601860057294, 26.439122683493412], [80.3256751928043, 26.439430173127814], [80.32527455040753, 26.439891406040843], [80.32516008115131, 26.440045149934893], [80.3252970784768, 26.440367765804197], [80.32546878236111, 26.440777747370735], [80.32575495550167, 26.44134146964266], [80.32609836327032, 26.441751447744352], [80.32644177103896, 26.442315165252058], [80.32678517880761, 26.442930126660112], [80.32718582120437, 26.443442591992603], [80.32752922897302, 26.443903808842737], [80.32764369822922, 26.444262531782908], [80.32758646360111, 26.44431377782601]]]}}, {"type": "Feature", "properties": {"ward_number": 90, "ward_name": "Kidwai Nagar North", "zone": "3"}, "geometry": {"type": "Polygon", "coordinates": [[[80.3249365460425, 26.439521764812206], [80.32548027500953, 26.439188651269337], [80.32631017711708, 26.43865054274269], [80.32665358488573, 26.438112431703047], [80.32708284459655, 26.437651191668962], [80.32756933893546, 26.43731807271836], [80.32842785835709, 26.43662620720553], [80.32911467389437, 26.436139336391605], [80.33005904525815, 26.435524338739118], [80.33086033005166, 26.435165588592863], [80.33146129364681, 26.434678711608075], [80.3323484303825, 26.434012455558882], [80.33335003637437, 26.43370495146787], [80.3339509999695, 26.433320570200333], [80.33440887699437, 26.433294944736907], [80.33509569253167, 26.43316681733437], [80.33561080418464, 26.433243693793003], [80.33621176777977, 26.433346195658064], [80.33629761972193, 26.43306431530977], [80.33629761972193, 26.43275680868902], [80.33632623703599, 26.432474926899275], [80.33626900240787, 26.432167418706058], [80.33624038509382, 26.431962412788092], [80.33684134868895, 26.43183428390421], [80.33738507765598, 26.431731780694534], [80.337928806623, 26.431706154877887], [80.33841530096193, 26.431578025709126], [80.3388731779868, 26.431501148139517], [80.33910211649922, 26.431270515122986], [80.33921658575542, 26.431014255674512], [80.33953137621003, 26.431168011411955], [80.33964584546625, 26.43080924770552], [80.33970308009437, 26.43045048288243], [80.33935967232571, 26.430091716942712], [80.33910211649922, 26.429886707332937], [80.33855838753219, 26.429630444807998], [80.33778572005274, 26.42957919223466], [80.33727060839976, 26.429502313331913], [80.33692720063111, 26.429399808048466], [80.33646932360625, 26.429476687019605], [80.33615453315166, 26.42957919223466], [80.33549633492842, 26.42952793963852], [80.33475228476301, 26.42973294988634], [80.33397961728356, 26.429784202391335], [80.33340727100249, 26.42996358597933], [80.33292077666357, 26.430066090761418], [80.33272045546518, 26.430142969288173], [80.33277769009328, 26.430681117539745], [80.33277769009328, 26.430963003716442], [80.33291430445209, 26.431505267592666], [80.33213703663282, 26.431903689425457], [80.33142160378148, 26.432262449725393], [80.33087787481445, 26.432441829456593], [80.3302196765912, 26.432800588081445], [80.32987626882256, 26.432441829456593], [80.32964148205586, 26.431996277419163], [80.32944116085747, 26.431714393769404], [80.32921222234505, 26.43138125765821], [80.32895466651856, 26.431124998455935], [80.3288115799483, 26.430894364686786], [80.32863987606397, 26.43058685227671], [80.3284395548656, 26.43038184354757], [80.32802721596033, 26.430373604560785], [80.32739763505114, 26.43050173506838], [80.32688252339817, 26.430757995656307], [80.3259953866625, 26.431039881644995], [80.32519410186899, 26.43144989639793], [80.32467899021601, 26.431578025709126], [80.32399217467871, 26.432064915792633], [80.32327674182736, 26.432500552545015], [80.32281886480249, 26.432782434272088], [80.3221320492652, 26.432884936547392], [80.32158832029818, 26.43314119183677], [80.32204619732305, 26.433884328954008], [80.32233237046358, 26.434729961913884], [80.32256130897602, 26.435242463718204], [80.32281886480249, 26.43572933832129], [80.32304780331494, 26.4362930852919], [80.32336259376953, 26.436703081356526], [80.32364876691008, 26.43739494640782], [80.32410664393493, 26.438009934077233], [80.32427834781926, 26.438548045595535], [80.32445005170358, 26.439060530419507], [80.3246217555879, 26.439419268440037], [80.32487931141439, 26.439649885149176], [80.32510824992683, 26.439547388891], [80.3249365460425, 26.439521764812206]]]}}, {"type": "Feature", "properties": {"ward_number": 12, "ward_name": "Transport Nagar", "zone": "3"}, "geometry": {"type": "Polygon", "coordinates": [[[80.34008225950554, 26.451359482310725], [80.34051151921635, 26.45107764603217], [80.34114110012554, 26.45053959303964], [80.34185653297689, 26.45007840275953], [80.34257196582824, 26.44964283246591], [80.34274366971258, 26.4495403450986], [80.34274366971258, 26.449181638594798], [80.34288675628284, 26.44856671056051], [80.34297260822498, 26.448079890204987], [80.34300122553906, 26.447644312353248], [80.34300122553906, 26.447208732854314], [80.34300122553906, 26.446875641537794], [80.34300122553906, 26.446516926735086], [80.34300122553906, 26.446337568914828], [80.3426005831423, 26.446311946346263], [80.34248611388607, 26.445901984474325], [80.34208547148931, 26.445568889379004], [80.34171344640663, 26.44528703893065], [80.34122695206771, 26.44497956492776], [80.34096939624122, 26.4447745818032], [80.34051151921635, 26.444313368439335], [80.3402253460758, 26.44395464565748], [80.33962438248068, 26.443339689718325], [80.33919512276988, 26.442827223928113], [80.33885171500123, 26.44241724965461], [80.3384224552904, 26.441904779761128], [80.33805043020772, 26.44144355490798], [80.33764978781095, 26.440879833135536], [80.33722052810015, 26.44005986927016], [80.3369343549596, 26.439265523710876], [80.33667679913313, 26.438676167015217], [80.33639062599258, 26.438189304862576], [80.33612134890399, 26.438036377310222], [80.33564657582718, 26.437702440652807], [80.33521731611637, 26.4378561874676], [80.3347022044634, 26.43813805609524], [80.3343874140088, 26.438189304862576], [80.33390091966989, 26.438343051027747], [80.33321410413258, 26.438548045595535], [80.33292793099204, 26.43890678521166], [80.33255590590935, 26.43936802021978], [80.33215526351259, 26.439906125395755], [80.33190379693089, 26.4403648349542], [80.3316345198423, 26.440836559281287], [80.33142575061795, 26.441380109850222], [80.33155665869862, 26.44201313553858], [80.33203752102021, 26.44227652535812], [80.33247005396717, 26.442622236973737], [80.3328420790499, 26.443057833815804], [80.33315686950448, 26.443468215199392], [80.33310572412118, 26.44382946086948], [80.33279938169254, 26.44414198067564], [80.33252728859527, 26.444364614459847], [80.33229835008285, 26.444953942057143], [80.33224111545475, 26.445338284518016], [80.332438163417, 26.445702045656365], [80.33272996857484, 26.446027985771245], [80.33242735660983, 26.44625606793114], [80.33200981816114, 26.446502208224828], [80.33162371303517, 26.446679044477623], [80.33119445332434, 26.446858401766168], [80.33080507496223, 26.44689158813291], [80.33036690999795, 26.44708900358395], [80.33000660617735, 26.447517019657493], [80.33064745112118, 26.44776779045698], [80.33138259603314, 26.44797528953779], [80.33198355962827, 26.448003023644958], [80.3326417578515, 26.448208001024337], [80.3332713387607, 26.448310489577253], [80.33372921578555, 26.4484642222356], [80.3340726235542, 26.4486948208384], [80.33478805640556, 26.448951040966673], [80.33558934119907, 26.44938661387662], [80.33621892210826, 26.449950294020642], [80.33670541644717, 26.450180889648045], [80.33733499735636, 26.45051397140585], [80.33776425706716, 26.450744565904618], [80.33850830723257, 26.45107764603217], [80.33928097471203, 26.4513082394023], [80.34002502487743, 26.451538832310714], [80.3401681114477, 26.451410725196375], [80.34008225950554, 26.451359482310725]]]}}, {"type": "Feature", "properties": {"ward_number": 96, "ward_name": "Baboo Purwa", "zone": "3"}, "geometry": {"type": "Polygon", "coordinates": [[[80.34280805866918, 26.44637600275696], [80.34329455300809, 26.445991663758488], [80.34395275123133, 26.445556078009943], [80.34446786288431, 26.445043622079375], [80.34512606110755, 26.444684901571513], [80.3455267035043, 26.44432617994659], [80.34607043247134, 26.44396745720463], [80.34649969218215, 26.443736849137796], [80.3460990497854, 26.443250008369603], [80.34572702470268, 26.442583801879177], [80.34524053036377, 26.442250697189266], [80.34495435722322, 26.441686979366125], [80.34461094945458, 26.44143074308013], [80.34421030705782, 26.44122575364105], [80.34383828197512, 26.440815773668707], [80.34349487420647, 26.440457039996172], [80.34306561449567, 26.44009830520668], [80.34275082404106, 26.439637073121894], [80.3423501816443, 26.439303959912397], [80.34206400850378, 26.43904771832668], [80.34137719296648, 26.439534576852317], [80.34089069862755, 26.439867689395093], [80.34106240251188, 26.440457039996172], [80.34077622937133, 26.440636406972054], [80.3404328216027, 26.440841397459696], [80.34066176011513, 26.44130262472345], [80.34083346399945, 26.441686979366125], [80.3411768717681, 26.442250697189266], [80.3412341063962, 26.442583801879177], [80.3414916622227, 26.442916905605962], [80.3411768717681, 26.44314751531414], [80.34074761205729, 26.44340374778182], [80.34034696966053, 26.443839341668948], [80.34008941383405, 26.444044326457675], [80.3404900562308, 26.44447991792262], [80.34103378519784, 26.44478739325918], [80.34140581028053, 26.445171736275736], [80.34206400850378, 26.445684191636374], [80.34269358941295, 26.446068531660764], [80.34280805866918, 26.446273512482755], [80.34280805866918, 26.44637600275696]]]}}, {"type": "Feature", "properties": {"ward_number": 95, "ward_name": "Chandari", "zone": "2"}, "geometry": {"type": "Polygon", "coordinates": [[[80.34787947478918, 26.430435650313335], [80.3479705505333, 26.430354094192214], [80.34810716414948, 26.43072109628288], [80.34838039138187, 26.431088097205066], [80.34865361861424, 26.431495874637008], [80.34893823031463, 26.431924039387898], [80.34937084009921, 26.432515311905274], [80.3498717566919, 26.433310466715096], [80.35025882860442, 26.43404445090123], [80.35062313158093, 26.434533771095047], [80.35107851030155, 26.43528813565682], [80.35130619966185, 26.43573667440669], [80.35130619966185, 26.436613358740665], [80.35112404817362, 26.43718421937272], [80.35064590051697, 26.437306546283082], [80.3508280520052, 26.437816240345178], [80.35110127923758, 26.43830554452376], [80.35144281327803, 26.43886620300733], [80.35167050263834, 26.438540002039662], [80.35214865029499, 26.43833612596594], [80.35276341156785, 26.437948760432036], [80.35330986603259, 26.43768372010591], [80.35394739624145, 26.437357515790747], [80.35440277496208, 26.437112861948375], [80.3549264604908, 26.436827431809082], [80.35597383154821, 26.43635850933119], [80.3566113617571, 26.43590997300159], [80.357271660902, 26.435604151775948], [80.35790919111086, 26.43531871789976], [80.35845564557562, 26.43509444792968], [80.35904763791241, 26.43470707149884], [80.35959409237716, 26.434421635400792], [80.3601405468419, 26.43395270313358], [80.36064146343459, 26.433585711332668], [80.3608691527949, 26.433361437990182], [80.36043654301031, 26.43254589488402], [80.36002670216175, 26.431873067477134], [80.35970793705732, 26.431342958269088], [80.35941194088892, 26.430874013475812], [80.3591159447205, 26.4303642887105], [80.35879717961608, 26.42999728548376], [80.35854672131973, 26.429671059412385], [80.35806857366308, 26.429263275524832], [80.3577953464307, 26.428814711582397], [80.35747658132627, 26.428610818304264], [80.35708950941375, 26.428508871529985], [80.3562470587806, 26.42854965025051], [80.35563229750777, 26.42852926089204], [80.35490369155477, 26.428610818304264], [80.35438000602605, 26.428753543636834], [80.35367416900908, 26.428957436662508], [80.35301386986418, 26.42905938304011], [80.35242187752738, 26.429283664753484], [80.35173880944645, 26.42922249705674], [80.35121512391773, 26.429181718574224], [80.35085082094125, 26.429161329327556], [80.35050928690076, 26.42905938304011], [80.35021329073237, 26.428733154314443], [80.34984898775588, 26.428896268792666], [80.34955299158746, 26.42914094007728], [80.34907484393081, 26.429467167648934], [80.3485511584021, 26.429752616016774], [80.34807301074545, 26.430119620022516], [80.34779978351308, 26.43032351063191], [80.34798193500131, 26.430568178887107], [80.34787947478918, 26.430435650313335]]]}}, {"type": "Feature", "properties": {"ward_number": 77, "ward_name": "Shyam Nagar Sujat Ganj", "zone": "2"}, "geometry": {"type": "Polygon", "coordinates": [[[80.35744242792221, 26.428539455571745], [80.35801165132298, 26.428152057109944], [80.35864918153186, 26.42772387834805], [80.35940055642088, 26.42719375005851], [80.36019746918197, 26.42666361933119], [80.36103991981511, 26.426113096380334], [80.36199621512843, 26.42544023142593], [80.36295251044173, 26.42484892261812], [80.36352173384249, 26.42442073158832], [80.36425033979549, 26.423666295904766], [80.36481956319626, 26.423115758641817], [80.36546847787315, 26.422442876195205], [80.36662969361073, 26.42136217798771], [80.36801859870863, 26.419934825210387], [80.36952134848669, 26.418589019267447], [80.37056871954412, 26.417508284943736], [80.37125178762504, 26.416794586913714], [80.37188931783392, 26.416080884467327], [80.37273176846706, 26.415265219120922], [80.37348314335608, 26.414653466325817], [80.37434836292528, 26.41381739892544], [80.37500866207017, 26.413062893874468], [80.37570311461913, 26.41245112939945], [80.37652279631624, 26.411635438386092], [80.37745632269353, 26.410717779102107], [80.37825323545461, 26.409881683177293], [80.37900461034364, 26.409167937959648], [80.37973321629663, 26.40853575993667], [80.38041628437756, 26.40788318544098], [80.38096273884231, 26.407210214126668], [80.38141811756293, 26.40674117119249], [80.38148642437102, 26.406659598313663], [80.38121319713866, 26.406272126351684], [80.38068951160993, 26.40575209614726], [80.37989259884884, 26.40493635777188], [80.37914122395982, 26.404385731108604], [80.37825323545461, 26.40371273939666], [80.37736524694941, 26.40312131919773], [80.37659110312434, 26.402754229273935], [80.3758397282353, 26.402489108047266], [80.37558926993897, 26.40236674419876], [80.3750200465382, 26.40265225964345], [80.37442805420139, 26.402958168264654], [80.37408652016093, 26.403345651354094], [80.37381329292856, 26.403590376845536], [80.37420036484107, 26.40381470809015], [80.37451912994553, 26.40418179464065], [80.37490620185804, 26.404487699207436], [80.37515666015439, 26.404752815842706], [80.37470128143376, 26.4050587188958], [80.37410928909696, 26.405650129165696], [80.37358560356824, 26.4061803564859], [80.37299361123142, 26.406608615235108], [80.37240161889463, 26.406506649010414], [80.37185516442987, 26.40701647923279], [80.37114932741291, 26.40770984472017], [80.37055733507613, 26.408321634337117], [80.3698059601871, 26.409055777595434], [80.36941888827455, 26.40944324020956], [80.36875858912965, 26.410034628006596], [80.36823490360094, 26.410585227713298], [80.3676884491362, 26.411013470112923], [80.36695984318321, 26.411829165524022], [80.36643615765449, 26.41233897222714], [80.36585554978568, 26.41283858061032], [80.36535463319301, 26.413409558970177], [80.36487648553636, 26.413878574794374], [80.36419341745541, 26.41453111537746], [80.36369250086274, 26.41497973488696], [80.3630777395899, 26.41569344414701], [80.36248574725309, 26.41622362530991], [80.36189375491628, 26.41685576120362], [80.36118791789931, 26.417589850151675], [80.36052761875442, 26.41822197855734], [80.35989008854555, 26.418976449860843], [80.3591159447205, 26.41977169805376], [80.35825072515131, 26.420505768441373], [80.35749935026229, 26.421178662191778], [80.35687320452142, 26.42185155201567], [80.35628121218463, 26.422422485756723], [80.35573475771987, 26.422871074570104], [80.35507445857498, 26.42360512522759], [80.35443692836611, 26.424298391002008], [80.35386770496532, 26.424930482633997], [80.35318463688441, 26.425725689764988], [80.35272925816378, 26.42613348616614], [80.35225111050713, 26.42666361933119], [80.35186403859461, 26.427214139653206], [80.35104435689748, 26.427866604778725], [80.35058897817686, 26.428233614789026], [80.35015636839228, 26.428722959651864], [80.35056620924082, 26.42908996693582], [80.35106712583351, 26.429232691675125], [80.35152250455413, 26.429232691675125], [80.35234218625124, 26.42931424858968], [80.35295694752409, 26.429171523951336], [80.35357170879692, 26.4289472420198], [80.35430031474992, 26.428722959651864], [80.35475569347054, 26.42858023428146], [80.35580306452798, 26.42862101297674], [80.35669105303317, 26.42851906621147], [80.35726027643396, 26.428478287480107], [80.3575107347303, 26.428539455571745], [80.35744242792221, 26.428539455571745]]]}}, {"type": "Feature", "properties": {"ward_number": 28, "ward_name": "Krishna Nagar", "zone": "2"}, "geometry": {"type": "Polygon", "coordinates": [[[80.36813226550656, 26.43102055892867], [80.36892917826766, 26.43049044579984], [80.3697716289008, 26.42975643898121], [80.37050023485381, 26.429042816759917], [80.37161591271934, 26.427962180414795], [80.3724811322885, 26.42688153393968], [80.37357404121799, 26.425739707790214], [80.37480356376366, 26.424699820565007], [80.37601031737331, 26.423741484817693], [80.37692107481456, 26.42306860602259], [80.37755860502344, 26.422599627570545], [80.37830997991246, 26.422049085214688], [80.37805952161611, 26.421763617773113], [80.37866289842094, 26.42125385272684], [80.37932319756584, 26.420744085427053], [80.37982411415852, 26.420377051575848], [80.38050718223946, 26.419826498608696], [80.38084871627993, 26.419969234815532], [80.38116748138434, 26.420010016556464], [80.3817139358491, 26.42051978710126], [80.3826019243543, 26.420295488339168], [80.38383144689999, 26.419642980368877], [80.38321668562716, 26.418949686605146], [80.38262469329034, 26.418501082537084], [80.38203270095353, 26.4180728679352], [80.38141793968069, 26.417991303068852], [80.38080317840786, 26.41731839072055], [80.38016564819897, 26.416665865906094], [80.37945981118202, 26.417277608027817], [80.37886781884522, 26.417726216854877], [80.37818475076429, 26.418256388673562], [80.37756998949145, 26.41874577588144], [80.37697799715464, 26.419194378997673], [80.37620385332957, 26.419826498608696], [80.37549801631262, 26.420397442376025], [80.37495156184787, 26.419846889506196], [80.37454172099932, 26.419561416613], [80.37410911121472, 26.419112814924503], [80.37465556567948, 26.418439909119872], [80.37515648227216, 26.41793012938127], [80.37515648227216, 26.41778739065065], [80.37565739886483, 26.417481521347337], [80.37631769800974, 26.417236825320657], [80.37697799715464, 26.417032911568477], [80.3775244516194, 26.417032911568477], [80.37720568651494, 26.416604691515452], [80.3775244516194, 26.416298819075603], [80.37782044778778, 26.416033728971605], [80.37738783800319, 26.415605505208884], [80.37693245928259, 26.415197671575825], [80.37634046694578, 26.414912187174696], [80.37577124354499, 26.414667485697052], [80.37545247844055, 26.41450435109022], [80.3752703269523, 26.414218864973115], [80.37495156184787, 26.4138314183983], [80.37454172099932, 26.413566322623623], [80.37383588398235, 26.414280040629105], [80.37322112270951, 26.414871403631125], [80.37265189930874, 26.41538119688915], [80.37192329335574, 26.416054120539695], [80.37119468740275, 26.416767823151698], [80.37046608144975, 26.417522303967985], [80.36944147932836, 26.418562255921856], [80.36871287337537, 26.41931672499925], [80.36788180721022, 26.42009157999505], [80.36731258380946, 26.420662522449955], [80.36676612934471, 26.421192680769835], [80.36592367871157, 26.422049085214688], [80.36524061063062, 26.422660798781138], [80.36471692510192, 26.423211338216326], [80.364056625957, 26.423924996534833], [80.36344186468418, 26.424557090213852], [80.3639655502129, 26.42504645068222], [80.36448923574162, 26.42563775847696], [80.36496738339827, 26.426188283697616], [80.36560491360713, 26.42688153393968], [80.36624244381599, 26.427534000947656], [80.36658397785646, 26.427962180414795], [80.36651567104836, 26.428716587987335], [80.36653843998441, 26.42943021222823], [80.36699381870501, 26.42993994112404], [80.36754027316978, 26.430510834811425], [80.36806395869849, 26.43102055892867], [80.36813226550656, 26.43102055892867]]]}}, {"type": "Feature", "properties": {"ward_number": 45, "ward_name": "Om Purwa", "zone": "2"}, "geometry": {"type": "Polygon", "coordinates": [[[80.37546386290857, 26.433630311093093], [80.37626077566966, 26.43365069954925], [80.37737645353518, 26.433671088001798], [80.37849213140069, 26.43375264177592], [80.37994934330669, 26.433813807068624], [80.38117886585236, 26.433976914357164], [80.38236285052598, 26.433976914357164], [80.38327360796723, 26.434119633045274], [80.38425267221655, 26.43424196320868], [80.38495850923351, 26.434343904912367], [80.3862563385873, 26.43462934120293], [80.38716709602853, 26.435342928836377], [80.38791847091757, 26.43591379576181], [80.38830554283008, 26.43628078014913], [80.388965841975, 26.435934183813988], [80.38944398963163, 26.435465257701303], [80.38994490622431, 26.435077882516886], [80.3905141296251, 26.434588564633245], [80.39112889089793, 26.434119633045274], [80.39210795514728, 26.433385649337957], [80.39208518621125, 26.433181764145253], [80.39147042493842, 26.432529329104877], [80.3908784326016, 26.431693391311974], [80.3901498266486, 26.430877836403052], [80.38960337218386, 26.430164221124144], [80.38928460707943, 26.429450601427316], [80.38885199729484, 26.428553473254844], [80.38953506537577, 26.428064127672542], [80.39035474707288, 26.427411663664948], [80.39092397047366, 26.426942702878545], [80.39158426961856, 26.42639218126039], [80.39208518621125, 26.42594360614632], [80.39151596281047, 26.425474639388206], [80.39081012579351, 26.42490372076016], [80.3902181334567, 26.42451631008106], [80.3894895275037, 26.42398616704232], [80.38894307303894, 26.423659923960752], [80.38848769431833, 26.42327250910243], [80.38814616027788, 26.42325211881066], [80.38746309219694, 26.42280353147972], [80.38687109986013, 26.422354942403548], [80.3861880317792, 26.421743227214534], [80.38564157731444, 26.421315024651378], [80.3849357402975, 26.420805257622018], [80.38443482370481, 26.420377051575848], [80.38402498285625, 26.419908062177072], [80.383842831368, 26.41962258943532], [80.38327360796723, 26.419867280400087], [80.38270438456645, 26.42017314337595], [80.38172532031712, 26.42051978710123], [80.38211239222963, 26.42109072743608], [80.3825905398863, 26.421682055517138], [80.38325083903118, 26.42227338056585], [80.38382006243197, 26.42272196995929], [80.38441205476879, 26.42327250910243], [80.38498127816955, 26.423904606358477], [80.38454866838497, 26.42429201909293], [80.38409328966435, 26.42461826038601], [80.38382006243197, 26.424842550739477], [80.38409328966435, 26.42527074020274], [80.38448036157686, 26.425739707790214], [80.38477635774528, 26.42626984276599], [80.38436651689672, 26.426677637242424], [80.383842831368, 26.427166988710052], [80.38322807009517, 26.427656338100547], [80.38254500201423, 26.428247632509326], [80.38211239222963, 26.427880622543654], [80.38190747180536, 26.427574780013057], [80.38238561946201, 26.427146599107036], [80.38238561946201, 26.426861144286185], [80.3822262369098, 26.426636857859684], [80.38208962329361, 26.426331012029422], [80.38154316882887, 26.426596078462513], [80.38090563861999, 26.426983482153098], [80.38033641521922, 26.427370884541865], [80.37981272969051, 26.427697117122666], [80.37931181309783, 26.428084517113298], [80.37883366544116, 26.428349579514666], [80.37815059736023, 26.42885931318894], [80.37751306715137, 26.42930787695782], [80.37808229055214, 26.429736049836198], [80.3785604382088, 26.429960330233], [80.37903858586544, 26.430225388321155], [80.37938011990592, 26.430531223819372], [80.37851490033673, 26.430877836403052], [80.37787737012786, 26.431244836826167], [80.37692107481456, 26.431693391311974], [80.37612416205347, 26.43199922291513], [80.37553216971666, 26.432284665012567], [80.37503125312398, 26.43267204958555], [80.37519063567619, 26.433161375606144], [80.37535001822843, 26.433630311093093], [80.37546386290857, 26.433630311093093]]]}}, {"type": "Feature", "properties": {"ward_number": 66, "ward_name": "Jajmau South", "zone": "2"}, "geometry": {"type": "Polygon", "coordinates": [[[80.38837384963819, 26.436270586154162], [80.38885199729484, 26.436800672697316], [80.38930737601545, 26.437147266426365], [80.38976275473608, 26.437432695773417], [80.390445822817, 26.43777928760151], [80.39119719770603, 26.43808510305467], [80.3915387317465, 26.438207429008678], [80.39224456876346, 26.43755502242002], [80.39299594365248, 26.4369841636249], [80.39372454960548, 26.436270586154162], [80.39452146236657, 26.435577392380097], [80.39552329555194, 26.43465992362067], [80.39698050745791, 26.433355066582056], [80.39834664361979, 26.432192915844055], [80.3995306282934, 26.43113269793197], [80.40071461296702, 26.43011324843516], [80.40164813934429, 26.429297682346103], [80.40242228316936, 26.428584057284777], [80.40162537040827, 26.42754419571535], [80.40098784019939, 26.426789780470546], [80.40023646531037, 26.425892631591115], [80.39950785935737, 26.42505664566988], [80.39898417382865, 26.42448572497203], [80.39855156404407, 26.4239148014471], [80.39807341638742, 26.423772070124173], [80.39745865511456, 26.42328270424695], [80.39677558703364, 26.422630213179886], [80.39609251895271, 26.4221612329448], [80.39575098491225, 26.421794203604232], [80.39504514789529, 26.421243657402933], [80.39486299640703, 26.421386391855656], [80.39486299640703, 26.421855375242114], [80.39443038662245, 26.42224279486183], [80.39415715939006, 26.422507870693764], [80.39479468959894, 26.423119581826352], [80.3951362236394, 26.423405045910965], [80.39463530704671, 26.42381285052016], [80.3939522389658, 26.424424554729573], [80.39333747769295, 26.424934305758327], [80.39283656110027, 26.425342104958673], [80.39231287557156, 26.425770292566632], [80.39167534536269, 26.426300427401753], [80.39094673940969, 26.42683055979917], [80.3902181334567, 26.427442247997796], [80.38958060324784, 26.42793159621988], [80.388965841975, 26.428461721116406], [80.38910245559117, 26.429195736179235], [80.38960337218386, 26.43015402658815], [80.38989936835226, 26.43060258531885], [80.39042305388097, 26.431153086829944], [80.39110612196191, 26.432090972237837], [80.3917664211068, 26.43282496419017], [80.3921307240833, 26.43327351252662], [80.39144765600237, 26.43382400128094], [80.39111750642992, 26.434048273723306], [80.39022951792472, 26.434700700165088], [80.38934152941951, 26.43555700426479], [80.38838523410621, 26.4362501981615], [80.38837384963819, 26.436270586154162]]]}}, {"type": "Feature", "properties": {"ward_number": 86, "ward_name": "Jajmau North", "zone": "2"}, "geometry": {"type": "Polygon", "coordinates": [[[80.39159565408656, 26.438258398117856], [80.39200549493512, 26.438645762610854], [80.39266579408002, 26.43911467578107], [80.3935993204573, 26.439889397707553], [80.39389531662569, 26.440154432960238], [80.39407746811395, 26.440195207560368], [80.39421408173013, 26.440623339990715], [80.39510207023534, 26.44139805177311], [80.39612667235673, 26.44207082356843], [80.39710573660608, 26.44139805177311], [80.39822141447159, 26.440378693082458], [80.39949647488935, 26.43937971281581], [80.40081707317913, 26.438299173388984], [80.40218320934099, 26.43725939946844], [80.40368595911904, 26.436199228164053], [80.4052570157052, 26.435240988016403], [80.40678253441926, 26.434384681568584], [80.40808036377305, 26.433467203314034], [80.40899112121431, 26.43257010640311], [80.40967418929525, 26.43179533526986], [80.41015233695188, 26.431163281277573], [80.41074432928869, 26.43020499925909], [80.41126801481741, 26.429430212228205], [80.41099478758503, 26.42906320602752], [80.41042556418427, 26.42922632003876], [80.40976526503935, 26.4289000917855], [80.40899112121431, 26.429022427488672], [80.40837635994146, 26.42924670927393], [80.40808036377305, 26.42906320602752], [80.40755667824435, 26.428594251959595], [80.40682807229135, 26.42820685368196], [80.40682807229135, 26.427921401486437], [80.40605392846629, 26.42692231323586], [80.40600839059422, 26.425882436677345], [80.40516593996108, 26.426534909339736], [80.40427795145587, 26.42706504065892], [80.40325334933448, 26.428002959328698], [80.40247920550941, 26.428594251959595], [80.4013749121119, 26.429481185219238], [80.40039584786255, 26.43025597190749], [80.39928016999704, 26.431356975611283], [80.39809618532342, 26.432335636741303], [80.39707158320202, 26.43327351252662], [80.396320208313, 26.43382400128094], [80.3952272993835, 26.434924970901427], [80.39420269726212, 26.4357608852555], [80.39266579408002, 26.437147266426365], [80.39150457834242, 26.43814626604791], [80.39159565408656, 26.438258398117856]]]}}, {"type": "Feature", "properties": {"ward_number": 70, "ward_name": "Tiwaripur", "zone": "2"}, "geometry": {"type": "Polygon", "coordinates": [[[80.40252474338148, 26.428614641306588], [80.4037770348632, 26.427432053221068], [80.40489271272871, 26.426738806289453], [80.40596285272217, 26.425800877334908], [80.40605392846629, 26.426820364968375], [80.40682807229135, 26.42786023306687], [80.40680530335531, 26.42820685368196], [80.40751114037228, 26.42859425195962], [80.40826251526131, 26.42922632003876], [80.40905942802239, 26.428981648935366], [80.40976526503935, 26.428879702489017], [80.4104711020563, 26.429267098505505], [80.41099478758503, 26.429042816759917], [80.41138185949757, 26.42928748773347], [80.41222431013071, 26.428268021917617], [80.41281630246753, 26.427411663664948], [80.41370429097273, 26.426657247552846], [80.41327168118815, 26.426331012029422], [80.4126569199153, 26.425984385774267], [80.41195108289834, 26.42490372076016], [80.41318060544401, 26.424169678370056], [80.41415966969336, 26.423292899390585], [80.41500212032649, 26.422375332853964], [80.41568518840742, 26.421518930832132], [80.41604949138393, 26.420580959415172], [80.41538919223903, 26.42049939632271], [80.41538919223903, 26.419969234815532], [80.41518427181475, 26.419642980368877], [80.41520704075077, 26.41913320594821], [80.41479719990222, 26.41856225592183], [80.41443289692573, 26.41803208550923], [80.4141255162893, 26.417542695272903], [80.41426212990548, 26.41713486848964], [80.41423936096946, 26.416930954557213], [80.41474027756215, 26.416135686776023], [80.41458089500992, 26.4157890298733], [80.4148541222423, 26.41481022828876], [80.41489966011437, 26.41381102643727], [80.41537780777101, 26.413464362548062], [80.41510458053864, 26.41295456081844], [80.41535503883499, 26.412669070865714], [80.41483135330627, 26.41230201131693], [80.41530950096292, 26.411812596768367], [80.41530950096292, 26.411567888715474], [80.41512734947467, 26.411323180143512], [80.41530950096292, 26.41058905131321], [80.41474027756215, 26.410201592547125], [80.41367013756869, 26.409997666358112], [80.41255445970317, 26.409773347133886], [80.4122129256627, 26.409120779637988], [80.41189416055826, 26.408447815542083], [80.41109724779717, 26.40905960124603], [80.40911635036247, 26.410487088606185], [80.40813728611313, 26.41103768615352], [80.4072265286719, 26.4115678887155], [80.40638407803876, 26.412424364629633], [80.40588316144607, 26.41295456081844], [80.40599700612621, 26.413566322623623], [80.40530255357726, 26.414147493333417], [80.40461948549634, 26.414453371478263], [80.40384534167129, 26.414718465214353], [80.40154567913214, 26.41694115026238], [80.40154567913214, 26.417247020998776], [80.40088537998724, 26.41732858639149], [80.40045277020266, 26.417267412352366], [80.40006569829012, 26.417002324474552], [80.39997462254601, 26.416003141612702], [80.39995185360998, 26.414657289790874], [80.39861987085213, 26.4152690425657], [80.39782295809106, 26.41565648431162], [80.39709435213805, 26.415309825968663], [80.39600144320856, 26.414677681602313], [80.39513622363938, 26.414086317607122], [80.39420269726212, 26.413148285741098], [80.39365624279736, 26.413107501573887], [80.39323501748079, 26.41402514184836], [80.39280240769621, 26.41502434184513], [80.39216487748733, 26.41616627409976], [80.39291625237635, 26.416655670176574], [80.3935310136492, 26.418286975434878], [80.3942596196022, 26.41989786673419], [80.39472638279082, 26.420856234426356], [80.3952956061916, 26.421386391855656], [80.39613805682475, 26.422181623429463], [80.397048814266, 26.42295645917497], [80.39814172319548, 26.423853630901778], [80.39848325723595, 26.4239148014471], [80.3993257078691, 26.424913915760467], [80.39996323807797, 26.425586783786517], [80.40131798977184, 26.427085430276364], [80.40188721317261, 26.427962180414795], [80.40241089870132, 26.428614641306588], [80.40252474338148, 26.428614641306588]]]}}, {"type": "Feature", "properties": {"ward_number": 37, "ward_name": "Harjinder Nagar", "zone": "2"}, "geometry": {"type": "Polygon", "coordinates": [[[80.39225595323147, 26.425831462095093], [80.39318947960875, 26.425036255693644], [80.3940319302419, 26.42438377454991], [80.39473776725886, 26.423751679920745], [80.39514760810742, 26.423445826436797], [80.3946922293868, 26.422915678476063], [80.39435069534635, 26.422630213179886], [80.39419131279412, 26.422487480266806], [80.39464669151474, 26.422038889961083], [80.39478330513093, 26.421916546847555], [80.39482884300298, 26.421488344928015], [80.39512483917139, 26.42120287609827], [80.394851611939, 26.42095818796743], [80.39455561577063, 26.420387246976397], [80.39425961960221, 26.41967356676247], [80.3938725476897, 26.41895988213187], [80.39346270684112, 26.41779758628012], [80.3930073281205, 26.416635278714818], [80.39223318429546, 26.41606431632239], [80.39191441919101, 26.416696453089223], [80.39157288515054, 26.417287803702347], [80.39116304430199, 26.417940324998117], [80.39054828302915, 26.417716021219096], [80.39000182856441, 26.417267412352366], [80.38954644984378, 26.416839193170002], [80.38884061282683, 26.41653332135204], [80.38813477580986, 26.416268231787004], [80.38717848049656, 26.416043924756107], [80.38638156773547, 26.416003141612702], [80.38563019284643, 26.41563609267323], [80.38499266263757, 26.415187475716518], [80.38449174604489, 26.414901991290144], [80.38417298094045, 26.41520786743422], [80.38471943540519, 26.415717659205168], [80.38426405668457, 26.416084707885087], [80.38474220434124, 26.41653332135204], [80.38522035199787, 26.4171654555484], [80.38594895795087, 26.417654847385485], [80.38626772305531, 26.417899542525277], [80.38569849965452, 26.418409322399093], [80.38501543157359, 26.41893949107753], [80.38437790136473, 26.419490048279297], [80.38394529158013, 26.419877475845695], [80.3845145149809, 26.420550373262287], [80.38531142774201, 26.42114170411424], [80.38604003369501, 26.4216514696563], [80.386768639648, 26.422263185332092], [80.3874289387929, 26.42281372666572], [80.38788431751352, 26.423139972141556], [80.38820308261793, 26.423343875095192], [80.3884763098503, 26.42328270424695], [80.3891138400592, 26.423751679920745], [80.38979690814013, 26.424261433924386], [80.39054828302915, 26.424750795647626], [80.39127688898215, 26.425382884799365], [80.39173226770278, 26.425729512862958], [80.39207380174322, 26.426014970485777], [80.39232426003956, 26.425851851930723], [80.39225595323147, 26.425831462095093]]]}}, {"type": "Feature", "properties": {"ward_number": 29, "ward_name": "Safipur", "zone": "2"}, "geometry": {"type": "Polygon", "coordinates": [[[80.38336468371135, 26.414127101428264], [80.38395667604814, 26.41459611433495], [80.38459420625703, 26.41496316658386], [80.3854594258262, 26.415472959436297], [80.3862563385873, 26.415941966870573], [80.3871443270925, 26.416023533186213], [80.3878729330455, 26.41620705718548], [80.3891935313353, 26.41657410430797], [80.38976275473608, 26.417002324474552], [80.39019536452066, 26.41747132568993], [80.3908784326016, 26.417858760038033], [80.39119719770603, 26.417960716229118], [80.39149319387444, 26.41732858639149], [80.39188026578697, 26.416655670176574], [80.39224456876346, 26.416043924756107], [80.39276825429216, 26.415146692270298], [80.39313255726867, 26.41437180405228], [80.39349686024516, 26.413596910628712], [80.39367901173341, 26.413168677819275], [80.39415715939006, 26.413087109484874], [80.39481745853499, 26.41382122241823], [80.39568267810415, 26.414412587772485], [80.39629743937698, 26.414881599518374], [80.39729927256235, 26.41541178441298], [80.39777742021901, 26.415697267577592], [80.39859710191614, 26.4152690425657], [80.39996323807799, 26.41461650615718], [80.4006235372229, 26.414779640605392], [80.40098784019939, 26.414820424181404], [80.40171644615236, 26.413841614377475], [80.40264997252966, 26.413392990441537], [80.40274104827378, 26.412679266947638], [80.4022401316811, 26.411741223639915], [80.4018758287046, 26.41090513513228], [80.40160260147222, 26.410354536952347], [80.40137491211192, 26.40982432881404], [80.40128383636778, 26.409232939939024], [80.40128383636778, 26.408519190708024], [80.40080568871113, 26.408050153094965], [80.40060076828685, 26.4079074021386], [80.4006235372229, 26.40727521720896], [80.40087399551923, 26.406520669371666], [80.40096507126336, 26.405847690110676], [80.40076015083908, 26.405133919938855], [80.4010789159435, 26.404216208944927], [80.40126106743176, 26.40350242868182], [80.40148875679206, 26.40248273493337], [80.40219459380903, 26.40160579110384], [80.40269551040171, 26.40113672539002], [80.40410718443563, 26.40113672539002], [80.40391364847936, 26.399627544507617], [80.40391364847936, 26.3988933412676], [80.40427795145587, 26.397995975409888], [80.4045284097522, 26.397180182212814], [80.40427795145587, 26.39652754350412], [80.40391364847936, 26.395609764077403], [80.40316227359034, 26.396466358436], [80.40245643657337, 26.39726176179195], [80.40193275104467, 26.398057159667243], [80.40102199360341, 26.39875057898416], [80.39988354680186, 26.39974991126025], [80.39901832723268, 26.400565686295796], [80.39803926298335, 26.40144263802829], [80.39706019873401, 26.402278795102525], [80.3958762140604, 26.4034208535135], [80.39491991874709, 26.404216208944927], [80.39374731854151, 26.405235887376563], [80.39210795514728, 26.40670420848893], [80.39012705771256, 26.40847840490433], [80.38805508453375, 26.41041571465766], [80.3868483309241, 26.411455730684438], [80.38532281221002, 26.412577306088032], [80.3853797345501, 26.412546717812567], [80.38424128774855, 26.413342010338425], [80.38351268179554, 26.414178081184414], [80.38336468371135, 26.414127101428264]]]}}, {"type": "Feature", "properties": {"ward_number": 71, "ward_name": "Gandhigram", "zone": "2"}, "geometry": {"type": "Polygon", "coordinates": [[[80.37408634227867, 26.4191434014587], [80.37461002780739, 26.419490048279297], [80.37511094440006, 26.420060993712347], [80.37547524737657, 26.420387246976397], [80.37615831545749, 26.41989786673419], [80.37695522821859, 26.41926574751435], [80.378002599276, 26.418490886969803], [80.37875397416504, 26.417838368789017], [80.37936873543788, 26.417389760398176], [80.38009734139087, 26.416655670176574], [80.38087148521593, 26.41736936906621], [80.38134963287257, 26.417960716229118], [80.38212377669764, 26.41798110745651], [80.38271576903443, 26.418531669233516], [80.38330776137126, 26.41893949107753], [80.38376314009187, 26.419632784902557], [80.38396806051614, 26.419877475845695], [80.3845145149809, 26.419449266354476], [80.38512927625374, 26.418898708958007], [80.38574403752658, 26.41845010469166], [80.38626772305528, 26.41798110745651], [80.38556188603832, 26.41747132568993], [80.38496989370151, 26.41679841030781], [80.38428682562059, 26.416043924756107], [80.38471943540517, 26.415697267577592], [80.38419574987645, 26.41524865085881], [80.3845145149809, 26.4149427748229], [80.38387698477204, 26.414575722509085], [80.38344437498743, 26.414147493333417], [80.38442343923677, 26.413372598403004], [80.38551634816628, 26.412495737335426], [80.38654095028767, 26.41176161596683], [80.3878843175135, 26.41061964010774], [80.38918214686727, 26.40945726021398], [80.39070766558135, 26.408070546074306], [80.39159565408656, 26.40723443096553], [80.39317809514073, 26.405857886795427], [80.3944076176864, 26.404695458929996], [80.39565990916812, 26.403614594444093], [80.39663897341745, 26.402717265293315], [80.39713989001014, 26.40222781008851], [80.39657066660936, 26.401656776392652], [80.39620636363287, 26.40098376876679], [80.39577375384827, 26.40014760231035], [80.3958648295924, 26.398679197776207], [80.3958648295924, 26.397781830253717], [80.39612667235676, 26.396792678424525], [80.39633159278104, 26.396160432609015], [80.39708296767006, 26.394936721193865], [80.39772049787892, 26.394018929120143], [80.39847187276796, 26.39271361227024], [80.39908663404078, 26.39179580252403], [80.39970139531363, 26.390694421198294], [80.40031615658647, 26.38969501053354], [80.40077153530709, 26.388960744124986], [80.40124968296374, 26.388063301063], [80.40156844806818, 26.387532990520832], [80.40175059955642, 26.38714545435386], [80.40118137615563, 26.38732902427927], [80.40052107701074, 26.38794092192325], [80.39940539914522, 26.389021933170707], [80.39824418340764, 26.39016412273908], [80.39699189192592, 26.391449072499004], [80.39594452086851, 26.392550446626355], [80.39482884300298, 26.393692601291196], [80.39353101364921, 26.394997907072668], [80.39246087365575, 26.395936086487296], [80.39123135111006, 26.39722097200958], [80.39003598196845, 26.398444659210764], [80.38905691771912, 26.39936241609857], [80.38805508453375, 26.400300560041664], [80.38734924751678, 26.40105514854952], [80.38591480454683, 26.402462340966505], [80.38491297136146, 26.4034208535135], [80.38409328966435, 26.404277389904912], [80.38331914583928, 26.404991165374696], [80.3821010077616, 26.406051623634532], [80.38080317840783, 26.407356789652585], [80.37998349671072, 26.408213296828823], [80.37925489075772, 26.40904940484422], [80.3784352090606, 26.409701972743793], [80.37768383417159, 26.410436107218896], [80.37690969034652, 26.411149844591], [80.37606723971336, 26.412006323608797], [80.37544109397253, 26.412658874782903], [80.37487187057177, 26.4131686778193], [80.37455310546733, 26.41353573461042], [80.37507679099605, 26.41394357411959], [80.37546386290857, 26.41449415516964], [80.37623800673363, 26.41484081596399], [80.37678446119835, 26.415146692270298], [80.37726260885502, 26.415472959436297], [80.37778629438372, 26.415921575282663], [80.37719430204693, 26.41651292986868], [80.37760414289549, 26.41698193307412], [80.37701215055868, 26.417104281422766], [80.37612416205347, 26.417308195048715], [80.37553216971666, 26.417552890924], [80.37516786674016, 26.41775680375682], [80.37523617354826, 26.41798110745651], [80.37480356376366, 26.418286975434878], [80.37439372291512, 26.41881714467574], [80.37412049568275, 26.419082228382216], [80.37408634227867, 26.4191434014587]]]}}, {"type": "Feature", "properties": {"ward_number": 75, "ward_name": "Munshi Purwa", "zone": "3"}, "geometry": {"type": "Polygon", "coordinates": [[[80.3401260707275, 26.444052653180847], [80.34069529722244, 26.443542983936315], [80.34087744970083, 26.44321679443646], [80.34146944525558, 26.442809056262863], [80.34110514029881, 26.442482864684962], [80.34112790935859, 26.442278994479768], [80.34062699004305, 26.4414635100514], [80.3400122254285, 26.44064801985086], [80.33996668730892, 26.440321822154488], [80.33946576799335, 26.43962864898334], [80.33914700115618, 26.43907818496498], [80.3387826961994, 26.438303453372946], [80.33866885090043, 26.43705979439883], [80.33812239346527, 26.4372840617632], [80.33803131722607, 26.43646854198246], [80.33750762885072, 26.436713198522682], [80.33691563329597, 26.436978242521768], [80.33630086868142, 26.437304449683776], [80.33620979244223, 26.43785492217567], [80.3364374830402, 26.438609269097324], [80.33673348081759, 26.439383998633165], [80.33721163107334, 26.440321822154488], [80.3376670122693, 26.441137314663827], [80.33823623876427, 26.44201396267368], [80.33882823431901, 26.442686734529378], [80.33932915363455, 26.443257568174452], [80.33980730389032, 26.44378762545511], [80.3400577635481, 26.444052653180847], [80.3401260707275, 26.444052653180847]]]}}, {"type": "Feature", "properties": {"ward_number": 31, "ward_name": "Bakar Ganj", "zone": "3"}, "geometry": {"type": "Polygon", "coordinates": [[[80.34042206850486, 26.44095382935247], [80.34099129499982, 26.440688794497987], [80.34101406405962, 26.44052569582295], [80.34112790935859, 26.44046453376029], [80.34078637346163, 26.440056785846185], [80.34096852594001, 26.43973058647595], [80.34192482645153, 26.438996634516368], [80.34156052149476, 26.438405392037904], [80.3411506784184, 26.43775298302373], [80.34140113807618, 26.437304449683776], [80.3411506784184, 26.436876302594253], [80.34083191158123, 26.43585689835946], [80.34044483756466, 26.434837485107032], [80.33998945636871, 26.433654954437266], [80.33910146303658, 26.433654954437266], [80.33832731500345, 26.433675342999884], [80.33835008406324, 26.434857873460444], [80.33837285312303, 26.435367581123685], [80.33857777466123, 26.436060779927836], [80.33871438902001, 26.43708018235908], [80.3387826961994, 26.437977249038983], [80.3388054652592, 26.43842577976009], [80.33907869397679, 26.438915084010045], [80.33930638457475, 26.43944516126942], [80.33964792047172, 26.439914073735334], [80.33998945636871, 26.440403371665166], [80.34021714696668, 26.44074995644159], [80.34035376132547, 26.440994603891355], [80.34064975910285, 26.44093344207762], [80.34090021876062, 26.44074995644159], [80.34042206850486, 26.44095382935247]]]}}, {"type": "Feature", "properties": {"ward_number": 108, "ward_name": "Begampurwa", "zone": "3"}, "geometry": {"type": "Polygon", "coordinates": [[[80.34200451816083, 26.439098572568113], [80.34259651371558, 26.439649036489076], [80.34277866619396, 26.439812136405088], [80.34289251149296, 26.43973058647595], [80.34312020209093, 26.43977136144772], [80.34300635679193, 26.43995484864217], [80.34339343080852, 26.440321822154488], [80.34382604294467, 26.440709181816143], [80.34432696226023, 26.44117808913778], [80.34439526943962, 26.44109654017545], [80.34478234345619, 26.441422735678437], [80.34521495559235, 26.44203434975734], [80.34537433901093, 26.44221783334787], [80.34548818430993, 26.44221783334787], [80.34585248926669, 26.44203434975734], [80.34612571798426, 26.441667381699624], [80.34662663729983, 26.4412596380424], [80.34712755661539, 26.440688794497987], [80.34756016875156, 26.44017911037192], [80.3480383190073, 26.439649036489076], [80.34844816208368, 26.439118960167637], [80.34890354327962, 26.4385888814076], [80.3493589244756, 26.43811996354871], [80.34970046037256, 26.43765104378159], [80.3493589244756, 26.436876302594253], [80.34906292669821, 26.43626466113551], [80.34865308362185, 26.435693792845033], [80.34831154772489, 26.435102533420142], [80.34799278088771, 26.434552047780425], [80.34760570687114, 26.434001559511277], [80.34708201849578, 26.43438894041924], [80.34655833012043, 26.434653989763948], [80.34598910362548, 26.434939426838042], [80.34512387935317, 26.435510298865392], [80.34505557217378, 26.435816122002496], [80.34462296003761, 26.436020003643005], [80.34414480978184, 26.43620349681107], [80.34416757884165, 26.436753974562226], [80.3434617379879, 26.43679475058732], [80.34273312807436, 26.43679475058732], [80.34211836345982, 26.436876302594253], [80.34170852038345, 26.437141346218187], [80.34136698448648, 26.43742677713145], [80.34116206294829, 26.437793758695324], [80.34148082978548, 26.438181126855934], [80.34173128944325, 26.43875198282428], [80.34198174910102, 26.43907818496498], [80.34200451816083, 26.439098572568113]]]}}, {"type": "Feature", "properties": {"ward_number": 54, "ward_name": "Babu Purwa Colony", "zone": "3"}, "geometry": {"type": "Polygon", "coordinates": [[[80.34144667619579, 26.437263673839034], [80.34199313363092, 26.436917078576094], [80.34265343636507, 26.436774362576593], [80.3434275843982, 26.436815138594486], [80.34424727055095, 26.43679475058732], [80.34422450149114, 26.436183108695715], [80.34458880644792, 26.436040391787238], [80.34504418764386, 26.435754957439997], [80.34511249482327, 26.435449134140583], [80.34579556661721, 26.435102533420142], [80.34638756217196, 26.434653989763948], [80.34688848148751, 26.43453165937289], [80.34763986046083, 26.43402194801257], [80.34691125054731, 26.43320640514711], [80.34622817875336, 26.43237046772094], [80.34524910918205, 26.43208502428441], [80.34429280867053, 26.431819969031757], [80.34345035345801, 26.43084129820349], [80.34222082422892, 26.429475222944742], [80.34146944525558, 26.428700426797143], [80.33944299893355, 26.428170300116708], [80.33714332389395, 26.42772172948297], [80.33614148526283, 26.42755861245613], [80.33577718030607, 26.427905235862273], [80.33477534167496, 26.428170300116708], [80.33372796492425, 26.42837419528231], [80.33256674287455, 26.428700426797143], [80.33158767330323, 26.42896548922314], [80.33233905227657, 26.429393665700758], [80.33277166441273, 26.43031118136863], [80.33365965774485, 26.43006651123795], [80.33486641791416, 26.42982184058792], [80.33541287534929, 26.42957716941857], [80.33557225876787, 26.429862619065656], [80.33677901893718, 26.42961794798287], [80.3378036266281, 26.429495612246722], [80.33862331278083, 26.42982184058792], [80.33935192269436, 26.430413127103122], [80.33971622765114, 26.430433516239205], [80.33971622765114, 26.431187911738846], [80.33923807739536, 26.431167522736217], [80.3390331558572, 26.431473357397106], [80.33860054372103, 26.431819969031757], [80.3376670122693, 26.431799580140932], [80.33680178799698, 26.431881135682634], [80.33614148526283, 26.43194230230104], [80.33620979244223, 26.432961741162153], [80.33627809962162, 26.434266609746867], [80.33625533056183, 26.43579573381862], [80.33625533056183, 26.4372840617632], [80.33707501671455, 26.436896690586995], [80.33798577910648, 26.436448153913997], [80.33807685534568, 26.4372840617632], [80.3387826961994, 26.43708018235908], [80.33848669842203, 26.435999615495206], [80.33839562218284, 26.435265639771387], [80.33832731500345, 26.434266609746867], [80.33839562218284, 26.43377728575888], [80.33987561106971, 26.433593788727784], [80.34039929944507, 26.434613212981372], [80.34080914252144, 26.43585689835946], [80.34135559995659, 26.43724328591123], [80.34144667619579, 26.437263673839034]]]}}, {"type": "Feature", "properties": {"ward_number": 20, "ward_name": "Naramau", "zone": "6"}, "geometry": {"type": "Polygon", "coordinates": [[[80.22818991316487, 26.526332216801343], [80.22964426625265, 26.531386120539956], [80.23199942237447, 26.533407587583525], [80.23894591880419, 26.532786068758046], [80.24390793288619, 26.531894808935903], [80.2503431588404, 26.531918719934332], [80.25549225200562, 26.53224315698281], [80.26165673773423, 26.532359272763447], [80.26601193019866, 26.530057568035872], [80.26768759554622, 26.52864710911119], [80.2692334765752, 26.526266715478442], [80.27026406392785, 26.524330295181684], [80.27155037631964, 26.521666454619837], [80.27244733575569, 26.52187135526503], [80.27455043083354, 26.522766132007778], [80.276951350926, 26.52378734340738], [80.2796843292095, 26.52459333322577], [80.28081797529742, 26.523657623416845], [80.28180279867951, 26.523876116021636], [80.28201275974803, 26.5218064942056], [80.28100505438069, 26.52018415228882], [80.28046687871905, 26.51815197397945], [80.28177991669419, 26.515604122800607], [80.28479534560017, 26.51280330805809], [80.28472205942391, 26.512686063148248], [80.28549106850811, 26.51176664664065], [80.28715312837281, 26.510088393674195], [80.29017358453419, 26.50798904940739], [80.29235911065362, 26.507616842644318], [80.29501350149363, 26.50750116598602], [80.297938958475, 26.50709131304938], [80.30137061223306, 26.507265575405448], [80.30211955516529, 26.507148312602546], [80.3020399899259, 26.507361916114682], [80.30356665296478, 26.50664467164663], [80.30578031437115, 26.50599573231696], [80.30810847550545, 26.505893267877205], [80.3089948590853, 26.505658249105508], [80.31051296979169, 26.504663687472156], [80.31253579831821, 26.503775648995894], [80.31429146081292, 26.50295591507969], [80.31585629042779, 26.502546045928504], [80.31536012494016, 26.50152136665428], [80.31619978961155, 26.5008382420618], [80.31524562521223, 26.499471980693883], [80.31539829151612, 26.499096255970017], [80.31597079015569, 26.498174017348944], [80.31669595509918, 26.497217613925034], [80.31822261813807, 26.496466148508624], [80.31848978416987, 26.49246963625111], [80.31826078471403, 26.492333000896963], [80.31791728553027, 26.49212804756125], [80.31726845373875, 26.49164982169026], [80.31669595509918, 26.491205753028723], [80.31619978961155, 26.491103275401677], [80.31660053865924, 26.49076168265183], [80.31408154464509, 26.490556726514733], [80.31266938133409, 26.49028345109688], [80.3116007172069, 26.489463620945894], [80.31026488704785, 26.489156183132042], [80.30541773189944, 26.486252563233535], [80.30362390282875, 26.485535187021842], [80.30121940854251, 26.484305388818186], [80.29867091571197, 26.48348829509566], [80.3004205815064, 26.4827464743537], [80.30171201148211, 26.4817214099569], [80.3045141708634, 26.4804128038335], [80.30629293290544, 26.47984573655614], [80.3070239310049, 26.479300476922127], [80.3084371939972, 26.477926411180352], [80.31140991960169, 26.47487287298881], [80.31137229396523, 26.474846965421047], [80.31327456739673, 26.473042002006547], [80.31503022988696, 26.471265429658814], [80.31609889401145, 26.470069644364195], [80.3170530584083, 26.46904467564955], [80.3158698945562, 26.468361358101134], [80.31441956467296, 26.46952299551919], [80.31296923478973, 26.47092377798555], [80.30877091144352, 26.467438872974533], [80.31167157120998, 26.464876375490995], [80.30582503474562, 26.464572473274572], [80.3073205815603, 26.462655498188443], [80.30247342642423, 26.462347988722954], [80.29842776938153, 26.462245485385242], [80.29437528435926, 26.462178918415336], [80.29437766388413, 26.462156196077466], [80.29301313409847, 26.462068941296472], [80.28994294208073, 26.461850804054574], [80.288188546642, 26.461850804054574], [80.28570315310382, 26.46154541122143], [80.2845822893513, 26.461719921511026], [80.28575188631045, 26.46473018236131], [80.28760374816244, 26.469136364247376], [80.28750628174919, 26.47096858823936], [80.2880423470221, 26.47088134013939], [80.28921194398126, 26.47070684374098], [80.28994294208073, 26.47096858823936], [80.28921840580949, 26.47135754863032], [80.28658491207203, 26.471425878788853], [80.28578341397045, 26.47108422759148], [80.28425675093293, 26.470776740646098], [80.28299725392255, 26.47084507114966], [80.28147059088472, 26.470947566828265], [80.28005842757455, 26.47105006241672], [80.2787607639916, 26.47173336400025], [80.27753943356137, 26.472519155804097], [80.27620360340214, 26.47251915580356], [80.27498227297193, 26.472587485272985], [80.27360827623731, 26.47340743573046], [80.27292127786924, 26.47381740876846], [80.27219611292674, 26.474603186340165], [80.27162122887529, 26.47517756926687], [80.2711393758532, 26.47575621980052], [80.27060504379037, 26.47743450340261], [80.2705955021463, 26.477451585044182], [80.27044283584215, 26.477722755757583], [80.2699037329574, 26.478395341773904], [80.26881598554179, 26.478702808357095], [80.26782365456803, 26.478993192708657], [80.26585807590439, 26.479112762522497], [80.26475124520184, 26.479010274117975], [80.26328183202732, 26.47875405270743], [80.26133533665167, 26.47856615664411], [80.25988500676385, 26.47846366775276], [80.25887359250085, 26.479710609730276], [80.25749959576603, 26.479932666471637], [80.25541951737601, 26.480137641545703], [80.25049602907698, 26.47981309750978], [80.24988224065197, 26.478678473850252], [80.24954431061752, 26.477077790642944], [80.24770311820166, 26.47475166860248], [80.24434919414558, 26.478430110259406], [80.24174773580003, 26.48172492405816], [80.23923041082563, 26.48466406941459], [80.23926626659843, 26.48473404630241], [80.23810589492719, 26.486226965818755], [80.23701041541592, 26.485721354596258], [80.23595694607779, 26.48625432650417], [80.23634629903336, 26.488109388356474], [80.22323722772103, 26.503914644305304], [80.22312430153923, 26.503919000306077], [80.21239850587567, 26.51851739909503], [80.21399783807128, 26.519275598661036], [80.2139176613213, 26.522042025172397], [80.21518109172781, 26.522848027244372], [80.2170857565312, 26.52340817879752], [80.21912038525596, 26.523517425389258], [80.22203257582392, 26.52340817879752], [80.22378457432342, 26.523684814490505], [80.2261549252345, 26.524883561456853], [80.22831915867506, 26.52635892515395], [80.22818991316487, 26.526332216801343]]]}}, {"type": "Feature", "properties": {"ward_number": 33, "ward_name": "Panki", "zone": "5"}, "geometry": {"type": "Polygon", "coordinates": [[[80.23625049869447, 26.487845680981373], [80.23615167331648, 26.48588541662973], [80.23808641292386, 26.48633125948731], [80.24270456860468, 26.480523803714426], [80.24778072319599, 26.474818546922076], [80.25426904109466, 26.469181338672332], [80.26378185635846, 26.46121043564356], [80.26403968451855, 26.461220446987724], [80.26800900840952, 26.458316121960422], [80.27304699642495, 26.458179446036315], [80.27953531432364, 26.45735938708439], [80.28579463276706, 26.456949355417983], [80.29274094957623, 26.45633430518037], [80.29449661206647, 26.455992609184246], [80.29434394576295, 26.456095118089554], [80.29438211233882, 26.462211317585737], [80.30243525984835, 26.462347988722954], [80.30735874813617, 26.462723833513653], [80.30579391852532, 26.464705540296816], [80.30858007856416, 26.46473970735594], [80.31160522447281, 26.464807164455802], [80.30877091144352, 26.467507205459732], [80.31308373451735, 26.471026273594056], [80.31441956467296, 26.469625492375435], [80.31579865028124, 26.468390968612333], [80.3158698945562, 26.468463855992056], [80.31701489183243, 26.468976344077294], [80.32121321517862, 26.465013043463788], [80.32289829107533, 26.463209398590724], [80.3236558760346, 26.463236347159583], [80.32728170074269, 26.463236347159583], [80.32896103008117, 26.463133844612965], [80.32911369638467, 26.462040478435963], [80.32941902899165, 26.46104960636739], [80.32838853144305, 26.45971704082711], [80.3279941434923, 26.45995622039329], [80.32835036486718, 26.45971704082711], [80.3293808624158, 26.458931161610884], [80.33392268494485, 26.455890100187666], [80.33838817432219, 26.452883129019998], [80.34025833654003, 26.45155046895946], [80.33861717377742, 26.450867047561584], [80.33663251183197, 26.450012765110984], [80.33495318249346, 26.4489876178057], [80.33006786078154, 26.447552396248767], [80.32999152762977, 26.447347363137848], [80.32598403716295, 26.446732261615292], [80.31953388584016, 26.445741257808777], [80.31968242058032, 26.447433865050378], [80.31230131971193, 26.447774515040386], [80.31232040299986, 26.44574476634147], [80.31537274942299, 26.445642248222832], [80.3152973959181, 26.445467875947962], [80.31503022988697, 26.4444768612637], [80.3142287317936, 26.44283654236284], [80.31308373451736, 26.441401244165665], [80.31193873724112, 26.440068451257556], [80.3088472445953, 26.442153069260954], [80.30835009946207, 26.434218783043704], [80.3075926458257, 26.43479495075238], [80.30420884618172, 26.439133361052615], [80.30266425930361, 26.43818884531334], [80.30419092233858, 26.43648008603045], [80.30262609272773, 26.43545481829832], [80.30106126311686, 26.434258661082314], [80.29961093323364, 26.43268654986047], [80.2993819337784, 26.43183213259351], [80.30045059790288, 26.431148594219618], [80.2977026044399, 26.427115635306485], [80.2960614416773, 26.42790173158888], [80.29537444331157, 26.42687638754789], [80.29430577918707, 26.42567312302019], [80.29362122993845, 26.425163512743573], [80.29323711506258, 26.425509247974198], [80.29171045202759, 26.427115635306485], [80.29060362132725, 26.427833375603193], [80.29052728817548, 26.427662485461674], [80.28999295611324, 26.42752577316607], [80.289458624051, 26.427662485461674], [80.28861895938176, 26.42790173158888], [80.28671063058803, 26.428380222353713], [80.2851076344013, 26.428722000255508], [80.2851076344013, 26.42984986014183], [80.28453513576318, 26.430225810984993], [80.28422980315621, 26.430054924390095], [80.28373363766981, 26.4296789729896], [80.2831611390317, 26.429303020362955], [80.28300847272821, 26.429576440576657], [80.28300847272821, 26.429576440576657], [80.280947477631, 26.430977708992792], [80.28022231268938, 26.43118277123459], [80.27976431377888, 26.43125112523413], [80.27919181514076, 26.4312853022187], [80.27903914883727, 26.4307384692496], [80.2791536485649, 26.429576440576657], [80.27945898117189, 26.428824533428426], [80.27934448144426, 26.428380222353713], [80.27896281568552, 26.428175155126258], [80.27865748307852, 26.428619466991346], [80.27827581731977, 26.4292004876156], [80.27819948416803, 26.42950808558402], [80.27816131759215, 26.430123279058446], [80.27816131759215, 26.43046505179222], [80.27797048471277, 26.431114417194514], [80.27751248580229, 26.431319479193114], [80.27705448689179, 26.431319479193114], [80.27594765619143, 26.43087517773508], [80.27564232358444, 26.430977708992792], [80.27453549288406, 26.431934662999954], [80.27377216136658, 26.43282325603539], [80.27293249669734, 26.433677665954992], [80.27232183148335, 26.434053604313004], [80.27152033338997, 26.433848547178844], [80.27098600132773, 26.43350678447779], [80.27060433556899, 26.43350678447779], [80.27026083638613, 26.433848547178844], [80.26991733720325, 26.43412195660998], [80.26926850541338, 26.434190308866427], [80.26896317280638, 26.434429541444718], [80.26789450868189, 26.434566245552205], [80.26644417879866, 26.43501053278166], [80.26510834864305, 26.435352291023428], [80.26392566014805, 26.436103853513828], [80.26388701821504, 26.436035804466478], [80.2635053524563, 26.436035804466478], [80.26312368669754, 26.436138331133254], [80.2625893546353, 26.436138331133254], [80.26205502257307, 26.436138331133254], [80.26129169105558, 26.436343384193197], [80.26045202638633, 26.43637755966771], [80.25984136117232, 26.43637755966771], [80.25961236171709, 26.435557345482], [80.25934519568597, 26.434942181011685], [80.25865819732023, 26.435181412029245], [80.25800936553036, 26.43559152118964], [80.25724603401287, 26.43600162889059], [80.2564445359195, 26.435967453304603], [80.25606287016075, 26.43531811524485], [80.2555667046744, 26.434737125458543], [80.25529953864327, 26.434702949497556], [80.2549178728845, 26.43490800511151], [80.25449804054992, 26.435352291023428], [80.25465070685341, 26.435728223918773], [80.2548415397328, 26.436514261464435], [80.25423087451881, 26.437266118447635], [80.2536202093048, 26.437300293648498], [80.25297137751494, 26.437368644019813], [80.2521317128457, 26.43771039526828], [80.25129204817645, 26.43798379553728], [80.25018521747609, 26.43842806959087], [80.24915471992749, 26.439043215452596], [80.24835322183412, 26.43938496173454], [80.24751355716488, 26.43897486607458], [80.24694105852676, 26.43818884531334], [80.24659755934387, 26.4382571951576], [80.24598689412989, 26.43856476895508], [80.24510906288478, 26.43856476895508], [80.24472739712603, 26.439453310869283], [80.24503272973303, 26.439829230385687], [80.24564339494701, 26.44020514867562], [80.24602506070578, 26.440683588361715], [80.24606322728164, 26.44112785200555], [80.24575789467465, 26.441367070181148], [80.24526172918827, 26.441572113936314], [80.24468923055015, 26.44164046177362], [80.24400223218443, 26.441777157326584], [80.24342973354631, 26.441777157326584], [80.24228473627005, 26.441777157326584], [80.24182673735957, 26.44218724301235], [80.24136873844907, 26.442597327238413], [80.24094890611445, 26.44314410393582], [80.24014740802109, 26.443725051333395], [80.2395367428071, 26.443520011409955], [80.2395367428071, 26.442734021656047], [80.2396894091106, 26.442392285307843], [80.23930774335184, 26.441777157326584], [80.23900241074486, 26.44116202606103], [80.23839174553086, 26.44112785200555], [80.23789558004451, 26.44164046177362], [80.23789558004451, 26.44222141675359], [80.23808641292386, 26.44283654236284], [80.23835357895499, 26.44324662427769], [80.23842991210674, 26.444066783728143], [80.23801007977212, 26.444305995801297], [80.23663608304064, 26.444613553451177], [80.23583458494727, 26.44533118477427], [80.23537658603676, 26.445809603172606], [80.23434608848817, 26.446082984222404], [80.23331559093954, 26.446219674503993], [80.23251409284617, 26.4466639167989], [80.23194159420805, 26.44693729582111], [80.23136909556993, 26.44693729582111], [80.23079659693182, 26.446629744375503], [80.23022409829372, 26.44604881162667], [80.22980426595909, 26.44611715680801], [80.22938443362447, 26.44659557194198], [80.22942260020035, 26.447176501933296], [80.22965159965558, 26.447381535348352], [80.23033859802133, 26.447415707548704], [80.2309874298112, 26.44744987973893], [80.2314454287217, 26.447757428994713], [80.23129276241819, 26.44809914942686], [80.23083476350769, 26.448748415454837], [80.23052943090072, 26.44939767782278], [80.23045309774895, 26.44973939338845], [80.23068209720421, 26.449978593681138], [80.23335375751543, 26.451003732165603], [80.23434608848817, 26.451721323675223], [80.23350642381892, 26.452302227812776], [80.23281942545317, 26.45260976411103], [80.23213242708744, 26.452985640693562], [80.23190342763219, 26.453600708818488], [80.23182709448044, 26.454523304845917], [80.23236142654268, 26.45548006328871], [80.23201792735982, 26.455787591099817], [80.23110192953882, 26.45575342138361], [80.23041493117307, 26.455275044291668], [80.2299187656867, 26.455411723663598], [80.22865926868285, 26.456129287704396], [80.2269417727685, 26.456231796488005], [80.22594944179575, 26.456470983294885], [80.22503344397477, 26.456539322291317], [80.22465177821603, 26.45684684727321], [80.22404111300203, 26.457564402369982], [80.22339228121216, 26.45807693898677], [80.2228961157258, 26.45824778401866], [80.22209461763242, 26.458452797722266], [80.22144578584255, 26.458760317593132], [80.22022445541457, 26.45865781106077], [80.21904129156248, 26.45841862879702], [80.21781996113448, 26.45865781106077], [80.21724746249636, 26.458384459861623], [80.21656046413062, 26.45776941729052], [80.21518646739914, 26.45732521783463], [80.21511013424738, 26.457530233181057], [80.21449946903338, 26.45776941729052], [80.21343080490891, 26.458316121960422], [80.2134696668798, 26.458399621576273], [80.21247676173233, 26.459115097266064], [80.210784849536, 26.459762605606194], [80.21047567333021, 26.46160785230764], [80.21037261459495, 26.46308402837186], [80.21016649712442, 26.46437566689838], [80.20972468398628, 26.465679281469644], [80.20884105771, 26.46631143260742], [80.20757477468975, 26.466798366553018], [80.20672165651956, 26.46644215913194], [80.20614813635811, 26.465611836651632], [80.20611855816105, 26.46611242895747], [80.20564809673482, 26.467205031737354], [80.20519195945268, 26.467916608314784], [80.20423578254726, 26.468536756922443], [80.2028826247538, 26.46852476668059], [80.2027777062005, 26.469222680067944], [80.203393268885, 26.470826982748743], [80.20345242527915, 26.47180247518872], [80.2017194004688, 26.47204326550326], [80.1988212915554, 26.47209705186345], [80.1982287977048, 26.473175110858353], [80.19835957481911, 26.474781023210397], [80.20091613960254, 26.476099838880078], [80.202640419723, 26.47818143926141], [80.20392195679631, 26.481302520688725], [80.20507085693728, 26.481650854930393], [80.20574743583401, 26.482966262512758], [80.20689819579304, 26.484181584597323], [80.20900327283944, 26.48376049379118], [80.21013691892733, 26.483430813249697], [80.21160931941812, 26.48432760869737], [80.21181543688866, 26.492880282960765], [80.20913590977176, 26.496754151392413], [80.20965120344808, 26.497307550510296], [80.2093420272423, 26.50994277191938], [80.21194285733984, 26.518698584445392], [80.23625049869447, 26.487845680981373]]]}}, {"type": "Feature", "properties": {"ward_number": 59, "ward_name": "Civil Lines", "zone": "1"}, "geometry": {"type": "Polygon", "coordinates": [[[80.35570792294308, 26.482962897370744], [80.35775471316097, 26.481744909257056], [80.35831112692868, 26.48066045310164], [80.3589217921427, 26.47970390398199], [80.35926529132554, 26.47915730091333], [80.36033395545005, 26.478474043424725], [80.36105912039166, 26.477722455499585], [80.36254761685076, 26.476834208893138], [80.36395978015813, 26.475911791696163], [80.36579177580009, 26.474545234105275], [80.36617344155886, 26.474340249066582], [80.36342544809588, 26.473759456140126], [80.36270028315427, 26.47355446970135], [80.36231861739553, 26.473042002006576], [80.36258578342664, 26.472734520294043], [80.36296744918538, 26.472392872983], [80.36361628097525, 26.471982894870617], [80.3641506130375, 26.471470420175844], [80.36411244646162, 26.47126542965884], [80.3641506130375, 26.471128769111264], [80.3612881198469, 26.46924967012286], [80.3644559456445, 26.46747303922221], [80.36491394455498, 26.46706304358072], [80.36224228424376, 26.465115544336875], [80.3599522896913, 26.46395386243004], [80.35930864756997, 26.463729785205665], [80.35990963197274, 26.463102103716167], [80.36065786982925, 26.462339871023392], [80.36140610768578, 26.461831713090685], [80.3622059481531, 26.461184963386458], [80.36156091551817, 26.460653701982483], [80.36089008157782, 26.460214832016884], [80.3601676450267, 26.45972976326621], [80.35941940717018, 26.45919849514653], [80.35859376539746, 26.45873652087567], [80.35771652101394, 26.458343841287878], [80.35676187271424, 26.45778946782493], [80.35614264138471, 26.457466082072116], [80.35542020483358, 26.45711959632898], [80.35451715914466, 26.45665761371611], [80.35387212650974, 26.456403522488888], [80.3532528951802, 26.456080132843248], [80.35245305471288, 26.455687444195277], [80.35204023382653, 26.45642662171455], [80.35205645759449, 26.456439470494416], [80.35204556410513, 26.45644094816872], [80.35072436725127, 26.45586068935212], [80.349408500676, 26.45521390610322], [80.34858285890328, 26.45486741358253], [80.34853898242925, 26.454904628077806], [80.34793782626835, 26.454428521559503], [80.34711218449563, 26.45382792976445], [80.34618333750133, 26.452996335953692], [80.34517708659082, 26.451864434727984], [80.34419663698573, 26.45075562274003], [80.34290657171587, 26.449542847404246], [80.34208092994315, 26.450097260570974], [80.341487499919, 26.450513068694562], [80.34066185814629, 26.451182978624793], [80.34004262681677, 26.451760484057644], [80.33911377982245, 26.452407286704215], [80.33810752891195, 26.453007885908868], [80.33712707930684, 26.453793280142232], [80.33614662970174, 26.454509370215753], [80.33521778270745, 26.455086858966695], [80.33439214093472, 26.45571054356457], [80.33392771743758, 26.45594153700278], [80.33391481678488, 26.45594153700278], [80.33332138676073, 26.45638042325862], [80.33275375804199, 26.456703812060823], [80.33213452671245, 26.45709649724237], [80.33130888493973, 26.457697071988253], [80.33061224969401, 26.4581359515521], [80.3297608066159, 26.45873652087567], [80.32901256875937, 26.459244692471685], [80.32839333742984, 26.459637368986755], [80.32890936353778, 26.460284127385858], [80.32934798572954, 26.460792292150344], [80.32947699225653, 26.461277356423818], [80.32914157528637, 26.461739320498275], [80.32888356223239, 26.462270576891935], [80.32890936353778, 26.463217593077783], [80.32893516484317, 26.46312520159775], [80.32958019747811, 26.463194495214722], [80.32988981314288, 26.463933624533347], [80.33025103141844, 26.464742041790814], [80.33063805099941, 26.465458063762703], [80.33087026274798, 26.46598930299231], [80.33025103141844, 26.466289567559134], [80.33050904447242, 26.466982482800397], [80.33081866013718, 26.467513714993345], [80.33133468624513, 26.46725964772875], [80.3317475071315, 26.467074871184018], [80.33210872540705, 26.46755990898118], [80.33252154629342, 26.468091138508644], [80.33326978414995, 26.467790878642248], [80.33412122722805, 26.467513714993345], [80.33474045855759, 26.46721345362038], [80.33497267030617, 26.46708641972677], [80.33502427291695, 26.467132613886125], [80.33530808727635, 26.4673635844048], [80.33551449771952, 26.46777933017023], [80.33510167683316, 26.467987202489695], [80.33479206116839, 26.46812578382742], [80.33497267030617, 26.468472236441592], [80.33440504158743, 26.468818688012718], [80.33396641939567, 26.46923442852123], [80.33347619459312, 26.469742553769663], [80.33314077762294, 26.47038925538617], [80.33280536065278, 26.471082145942002], [80.3337342076471, 26.4706433157411], [80.33443084289283, 26.470319966101115], [80.33515327944396, 26.470019712050377], [80.33545245905832, 26.469862173159264], [80.3356564048992, 26.470204483866613], [80.33622403361794, 26.470089001516236], [80.33699807277985, 26.469927326030973], [80.33717868191764, 26.470319966101115], [80.33728188713923, 26.47105904965736], [80.33815913152273, 26.470758797535183], [80.33908797851704, 26.47038925538617], [80.33924278634942, 26.470666412109196], [80.34017163334374, 26.47036615896245], [80.34089406989486, 26.470296869663475], [80.3413842946974, 26.470319966101115], [80.34187451949995, 26.470019712050377], [80.34213253255393, 26.46976565031857], [80.34220993647013, 26.469442298212233], [80.34218413516474, 26.469095848518624], [80.34217209455555, 26.469085070066985], [80.34308718085364, 26.468610817195213], [80.34348607588164, 26.46831384740239], [80.34376211561657, 26.467719216807417], [80.34423533894382, 26.468506881645638], [80.3444675506924, 26.468876429839817], [80.34472556374638, 26.469176686873766], [80.34431274286001, 26.469361460043697], [80.34374511414127, 26.469661715812038], [80.3442611402492, 26.46993887428745], [80.34428694155461, 26.470285321442926], [80.34459655721938, 26.470770345708203], [80.34480296766256, 26.47125536792899], [80.34503517941114, 26.47150942637157], [80.34475136505178, 26.47215611805767], [80.34451915330318, 26.472802806109033], [80.3444675506924, 26.472848997973607], [80.34469976244097, 26.472872093898946], [80.34477716635716, 26.473611161061697], [80.34482099357496, 26.474042706595906], [80.34468565934148, 26.474066935113488], [80.34491465879671, 26.474442741631602], [80.34521999140372, 26.475160187030028], [80.34563982373834, 26.476185101266353], [80.34594515634534, 26.47659506440415], [80.34586882319358, 26.477995760767833], [80.34575432346595, 26.479054812548778], [80.34556349058658, 26.480113854578807], [80.3452581579796, 26.48096791362918], [80.34518182482785, 26.481514508093166], [80.34571615689008, 26.481548670160933], [80.3464413218317, 26.481241211185907], [80.34709015362156, 26.48096791362918], [80.34754815253207, 26.48066045310164], [80.34808248459431, 26.480557966076457], [80.34857865008067, 26.480250504453025], [80.34892214926354, 26.48007969208487], [80.34945648132579, 26.479738066587522], [80.34949023949085, 26.480561911981955], [80.34938014817405, 26.481104562488724], [80.34976181393279, 26.4813095354736], [80.35021981284328, 26.481241211185907], [80.35041064572266, 26.481104562488724], [80.35067781175377, 26.480933751388925], [80.3511710382996, 26.48089871227323], [80.3509469370786, 26.48153946312686], [80.3513237046031, 26.48191656051877], [80.3518090939741, 26.48232299581119], [80.35208115823947, 26.48313761578342], [80.3521976172608, 26.48401836055866], [80.35359508586538, 26.483622014970543], [80.35570792294308, 26.482962897370744]]]}}]}